"","date","site_id","elevation","aspect","plot_id","treatment_only_for_range_x","species","cover","fertility_all"
"1",2023-12-12,6,3000,"W",10.3,"Control","carex_zuluensis",0.5,"y"
"2",2023-12-12,6,3000,"W",10.3,"Control","cotula_socialis",0.5,"n"
"3",2023-12-12,6,3000,"W",10.3,"Control","erica_frigida",4,"n"
"4",2023-12-12,6,3000,"W",10.3,"Control","festuca_scabra",15,"y"
"5",2023-12-12,6,3000,"W",10.3,"Control","felicia_rosulata",0.5,"y"
"6",2023-12-12,6,3000,"W",10.3,"Control","gazania_krebsiana",0.5,"n"
"7",2023-12-12,6,3000,"W",10.3,"Control","helichrysum_adenocarpum",0.5,"n"
"8",2023-12-12,6,3000,"W",10.3,"Control","helichrysum_nanum",1,"y"
"9",2023-12-12,6,3000,"W",10.3,"Control","helichrysum_subglomeratum",0.5,"n"
"10",2023-12-12,6,3000,"W",10.3,"Control","helichrysum_trilineatum",0.5,"n"
"11",2023-12-12,6,3000,"W",10.3,"Control","lotononis_laxa",0.5,"n"
"12",2023-12-12,6,3000,"W",10.3,"Control","oxalis_depressa",0.5,"y"
"13",2023-12-12,6,3000,"W",10.3,"Control","pentameris_airoides",10,"y"
"14",2023-12-12,6,3000,"W",10.3,"Control","poa_binata",1,"y"
"15",2023-12-12,6,3000,"W",10.3,"Control","scabiosa_columbaria",2,"n"
"16",2023-12-12,6,3000,"W",10.4,"OTC","anthospermum_hispidulum",1,"n"
"17",2023-12-12,6,3000,"W",10.4,"OTC","carex_zuluensis",1,"n"
"18",2023-12-12,6,3000,"W",10.4,"OTC","cotula_socialis",0.5,"n"
"19",2023-12-12,6,3000,"W",10.4,"OTC","crassula_lanceolata",0.5,"n"
"20",2023-12-12,6,3000,"W",10.4,"OTC","erica_frigida",3,"n"
"21",2023-12-12,6,3000,"W",10.4,"OTC","gazania_krebsiana",0.5,"n"
"22",2023-12-12,6,3000,"W",10.4,"OTC","helichrysum_nanum",10,"y"
"23",2023-12-12,6,3000,"W",10.4,"OTC","helichrysum_subglomeratum",1,"n"
"24",2023-12-12,6,3000,"W",10.4,"OTC","merxmuellera_drakensbergensis",10,"n"
"25",2023-12-12,6,3000,"W",10.4,"OTC","oxalis_depressa",1,"y"
"26",2023-12-12,6,3000,"W",10.4,"OTC","pentameris_airoides",35,"n"
"27",2023-12-12,6,3000,"W",10.4,"OTC","poa_binata",0.5,"n"
"28",2023-12-12,6,3000,"W",10.4,"OTC","scabiosa_columbaria",0.5,"y"
"29",2023-12-12,6,3000,"W",10.4,"OTC","senecio_seminiveus",0.5,"n"
"30",2023-12-12,6,3000,"W",10.4,"OTC","tenaxia_disticha",2,"n"
"31",2023-12-12,6,3000,"W",5.5,"OTC","helichrysum_dasycephalum",1,"y"
"32",2023-12-12,6,3000,"W",5.5,"OTC","helichrysum_nanum",0.5,"n"
"33",2023-12-12,6,3000,"W",5.5,"OTC","helichrysum_trilineatum",45,"y"
"34",2023-12-12,6,3000,"W",5.5,"OTC","merxmuellera_drakensbergensis",25,"y"
"35",2023-12-12,6,3000,"W",5.5,"OTC","oxalis_depressa",0.5,"n"
"36",2023-12-12,6,3000,"W",5.5,"OTC","tenaxia_disticha",30,"n"
"37",2023-12-12,6,3000,"W",5.6,"Control","anthospermum_hispidulum",0.5,"n"
"38",2023-12-12,6,3000,"W",5.6,"Control","cotula_socialis",0.5,"y"
"39",2023-12-12,6,3000,"W",5.6,"Control","festuca_scabra",1,"y"
"40",2023-12-12,6,3000,"W",5.6,"Control","gazania_krebsiana",0.5,"n"
"41",2023-12-12,6,3000,"W",5.6,"Control","helichrysum_dasycephalum",0.5,"n"
"42",2023-12-12,6,3000,"W",5.6,"Control","helichrysum_flanaganii",2,"y"
"43",2023-12-12,6,3000,"W",5.6,"Control","helichrysum_nanum",0.5,"y"
"44",2023-12-12,6,3000,"W",5.6,"Control","helichrysum_subglomeratum",0.5,"n"
"45",2023-12-12,6,3000,"W",5.6,"Control","moraea_stricta",0.5,"n"
"46",2023-12-12,6,3000,"W",5.6,"Control","oxalis_depressa",0.5,"n"
"47",2023-12-12,6,3000,"W",5.6,"Control","pentameris_airoides",1,"y"
"48",2023-12-12,6,3000,"W",5.6,"Control","poa_binata",0.5,"y"
"49",2023-12-12,6,3000,"W",5.6,"Control","c_f_satyrium_longicauda",0.5,"n"
"50",2023-12-12,6,3000,"W",5.6,"Control","senecio_seminiveus",0.5,"y"
"51",2023-12-12,6,3000,"W",5.6,"Control","tenaxia_disticha",35,"y"
"52",2023-12-12,6,3000,"W",9.5,"OTC","anthospermum_hispidulum",0.5,"n"
"53",2023-12-12,6,3000,"W",9.5,"OTC","bulbostylis_humilis",0.5,"n"
"54",2023-12-12,6,3000,"W",9.5,"OTC","cotula_socialis",0.5,"n"
"55",2023-12-12,6,3000,"W",9.5,"OTC","erica_frigida",1,"n"
"56",2023-12-12,6,3000,"W",9.5,"OTC","gazania_krebsiana",0.5,"n"
"57",2023-12-12,6,3000,"W",9.5,"OTC","helichrysum_dasycephalum",1,"y"
"58",2023-12-12,6,3000,"W",9.5,"OTC","helichrysum_marginatum",1,"y"
"59",2023-12-12,6,3000,"W",9.5,"OTC","helichrysum_nanum",0.5,"n"
"60",2023-12-12,6,3000,"W",9.5,"OTC","helichrysum_trilineatum",2,"n"
"61",2023-12-12,6,3000,"W",9.5,"OTC","koeleria_capensis",5,"y"
"62",2023-12-12,6,3000,"W",9.5,"OTC","oxalis_depressa",0.5,"y"
"63",2023-12-12,6,3000,"W",9.5,"OTC","pentameris_airoides",10,"n"
"64",2023-12-12,6,3000,"W",9.5,"OTC","poa_binata",0.5,"n"
"65",2023-12-12,6,3000,"W",9.5,"OTC","c_f_satyrium_longicauda",0.5,"n"
"66",2023-12-12,6,3000,"W",9.5,"OTC","scabiosa_columbaria",1,"n"
"67",2023-12-12,6,3000,"W",9.5,"OTC","sebaea_natalensis",0.5,"y"
"68",2023-12-12,6,3000,"W",9.5,"OTC","senecio_seminiveus",0.5,NA
"69",2023-12-12,6,3000,"W",9.5,"OTC","tenaxia_disticha",1,"n"
"70",2023-12-12,6,3000,"W",9.4,"Control","anthospermum_hispidulum",1,"n"
"71",2023-12-12,6,3000,"W",9.4,"Control","anthoxanthum_ecklonii",2,"n"
"72",2023-12-12,6,3000,"W",9.4,"Control","bulbostylis_humilis",0.5,"y"
"73",2023-12-12,6,3000,"W",9.4,"Control","carex_zuluensis",5,"n"
"74",2023-12-12,6,3000,"W",9.4,"Control","cotula_socialis",2,"y"
"75",2023-12-12,6,3000,"W",9.4,"Control","crassula_setulosa",0.5,"n"
"76",2023-12-12,6,3000,"W",9.4,"Control","erica_frigida",1,"n"
"77",2023-12-12,6,3000,"W",9.4,"Control","gazania_krebsiana",0.5,"n"
"78",2023-12-12,6,3000,"W",9.4,"Control","hebenstretia_dura",1,"n"
"79",2023-12-12,6,3000,"W",9.4,"Control","helichrysum_flanaganii",3,"y"
"80",2023-12-12,6,3000,"W",9.4,"Control","helichrysum_nanum",10,"y"
"81",2023-12-12,6,3000,"W",9.4,"Control","oxalis_depressa",0.5,"n"
"82",2023-12-12,6,3000,"W",9.4,"Control","pentameris_airoides",15,"y"
"83",2023-12-12,6,3000,"W",9.4,"Control","poa_binata",1,"n"
"84",2023-12-12,6,3000,"W",9.4,"Control","c_f_satyrium_longicauda",0.5,"n"
"85",2023-12-12,6,3000,"W",9.4,"Control","scilla_nervosa",0.5,NA
"86",2023-12-12,6,3000,"W",9.4,"Control","sebaea_natalensis",0.5,"n"
"87",2023-12-12,6,3000,"W",9.4,"Control","senecio_seminiveus",1,"n"
"88",2023-12-12,6,3000,"W",1.3,"OTC","carex_zuluensis",0.5,"n"
"89",2023-12-12,6,3000,"W",1.3,"OTC","cotula_socialis",0.5,"n"
"90",2023-12-12,6,3000,"W",1.3,"OTC","craterocapsa_tarsodes",0.5,"n"
"91",2023-12-12,6,3000,"W",1.3,"OTC","erica_frigida",0.5,"n"
"92",2023-12-12,6,3000,"W",1.3,"OTC","gazania_krebsiana",0.5,"n"
"93",2023-12-12,6,3000,"W",1.3,"OTC","helichrysum_nanum",15,"y"
"94",2023-12-12,6,3000,"W",1.3,"OTC","helichrysum_subglomeratum",0.5,"n"
"95",2023-12-12,6,3000,"W",1.3,"OTC","lotononis_lotononoides",0.5,"n"
"96",2023-12-12,6,3000,"W",1.3,"OTC","oxalis_depressa",0.5,"n"
"97",2023-12-12,6,3000,"W",1.3,"OTC","pentameris_airoides",1,"y"
"98",2023-12-12,6,3000,"W",1.3,"OTC","poa_binata",0.5,"n"
"99",2023-12-12,6,3000,"W",1.3,"OTC","psammotropha_obtusa",0.5,"n"
"100",2023-12-12,6,3000,"W",1.3,"OTC","scabiosa_columbaria",3,"n"
"101",2023-12-12,6,3000,"W",1.3,"OTC","senecio_barbatus",0.5,"y"
"102",2023-12-12,6,3000,"W",1.3,"OTC","tenaxia_disticha",25,"n"
"103",2023-12-12,6,3000,"W",1.4,"Control","anthospermum_hispidulum",1,"n"
"104",2023-12-12,6,3000,"W",1.4,"Control","anthoxanthum_ecklonii",0.5,"n"
"105",2023-12-12,6,3000,"W",1.4,"Control","bulbostylis_humilis",0.5,"n"
"106",2023-12-12,6,3000,"W",1.4,"Control","carex_zuluensis",1,"y"
"107",2023-12-12,6,3000,"W",1.4,"Control","cotula_socialis",1,"n"
"108",2023-12-12,6,3000,"W",1.4,"Control","erica_frigida",0.5,"n"
"109",2023-12-12,6,3000,"W",1.4,"Control","festuca_scabra",10,"y"
"110",2023-12-12,6,3000,"W",1.4,"Control","gazania_krebsiana",0.5,"n"
"111",2023-12-12,6,3000,"W",1.4,"Control","helichrysum_adenocarpum",0.5,"n"
"112",2023-12-12,6,3000,"W",1.4,"Control","helichrysum_nanum",4,"y"
"113",2023-12-12,6,3000,"W",1.4,"Control","helichrysum_subglomeratum",0.5,"n"
"114",2023-12-12,6,3000,"W",1.4,"Control","lotononis_lotononoides",0.5,"n"
"115",2023-12-12,6,3000,"W",1.4,"Control","moraea_alpina",0.5,"y"
"116",2023-12-12,6,3000,"W",1.4,"Control","oxalis_depressa",1,"n"
"117",2023-12-12,6,3000,"W",1.4,"Control","pentameris_airoides",10,"n"
"118",2023-12-12,6,3000,"W",1.4,"Control","c_f_satyrium_longicauda",0.5,"n"
"119",2023-12-12,6,3000,"W",1.4,"Control","scabiosa_columbaria",0.5,"n"
"120",2023-12-12,6,3000,"W",1.4,"Control","senecio_sp_1_same_as_bokong",0.5,"n"
"121",2023-12-12,6,3000,"W",1.4,"Control","tenaxia_disticha",0.5,"n"
"122",2023-12-12,6,3000,"W",1.4,"Control","tenaxia_wiry",0.5,NA
"123",2023-12-12,6,3000,"W",6.4,"Control","anthospermum_hispidulum",0.5,"n"
"124",2023-12-12,6,3000,"W",6.4,"Control","anthoxanthum_ecklonii",0.5,"n"
"125",2023-12-12,6,3000,"W",6.4,"Control","carex_zuluensis",0.5,"n"
"126",2023-12-12,6,3000,"W",6.4,"Control","cotula_socialis",0.5,"n"
"127",2023-12-12,6,3000,"W",6.4,"Control","erica_frigida",2,"n"
"128",2023-12-12,6,3000,"W",6.4,"Control","festuca_scabra",0.5,"y"
"129",2023-12-12,6,3000,"W",6.4,"Control","felicia_rosulata",0.5,"n"
"130",2023-12-12,6,3000,"W",6.4,"Control","gazania_krebsiana",0.5,"n"
"131",2023-12-12,6,3000,"W",6.4,"Control","helichrysum_adenocarpum",0.5,"n"
"132",2023-12-12,6,3000,"W",6.4,"Control","helichrysum_nanum",10,"y"
"133",2023-12-12,6,3000,"W",6.4,"Control","helichrysum_subglomeratum",0.5,"n"
"134",2023-12-12,6,3000,"W",6.4,"Control","helichrysum_trilineatum",15,"n"
"135",2023-12-12,6,3000,"W",6.4,"Control","koeleria_capensis",5,"y"
"136",2023-12-12,6,3000,"W",6.4,"Control","lotononis_laxa",0.5,"n"
"137",2023-12-12,6,3000,"W",6.4,"Control","oxalis_depressa",0.5,"n"
"138",2023-12-12,6,3000,"W",6.4,"Control","pentameris_airoides",20,"n"
"139",2023-12-12,6,3000,"W",6.4,"Control","psammotropha_obtusa",0.5,"y"
"140",2023-12-12,6,3000,"W",6.4,"Control","scabiosa_columbaria",1,"n"
"141",2023-12-12,6,3000,"W",6.4,"Control","tenaxia_disticha",15,"n"
"142",2023-12-12,6,3000,"W",6.5,"OTC","anthospermum_hispidulum",0.5,"n"
"143",2023-12-12,6,3000,"W",6.5,"OTC","carex_zuluensis",0.5,"n"
"144",2023-12-12,6,3000,"W",6.5,"OTC","cotula_socialis",0.5,"n"
"145",2023-12-12,6,3000,"W",6.5,"OTC","erica_frigida",0.5,"n"
"146",2023-12-12,6,3000,"W",6.5,"OTC","festuca_scabra",1,"n"
"147",2023-12-12,6,3000,"W",6.5,"OTC","gazania_krebsiana",0.5,"n"
"148",2023-12-12,6,3000,"W",6.5,"OTC","helichrysum_nanum",1,"y"
"149",2023-12-12,6,3000,"W",6.5,"OTC","helichrysum_subglomeratum",1,"n"
"150",2023-12-12,6,3000,"W",6.5,"OTC","helichrysum_trilineatum",30,"n"
"151",2023-12-12,6,3000,"W",6.5,"OTC","lotononis_lotononoides",0.5,"n"
"152",2023-12-12,6,3000,"W",6.5,"OTC","oxalis_depressa",0.5,"n"
"153",2023-12-12,6,3000,"W",6.5,"OTC","pentameris_airoides",10,"n"
"154",2023-12-12,6,3000,"W",6.5,"OTC","psammotropha_obtusa",0.5,"y"
"155",2023-12-12,6,3000,"W",6.5,"OTC","scabiosa_columbaria",3,"n"
"156",2023-12-12,6,3000,"W",6.5,"OTC","tenaxia_disticha",3,"n"
"157",2023-12-08,5,2800,"W",2,NA,"asclepias_humilis",0.5,"y"
"158",2023-12-08,5,2800,"W",2,NA,"alepidea_thodei",0.5,NA
"159",2023-12-08,5,2800,"W",2,NA,"anthoxanthum_ecklonii",0.5,"n"
"160",2023-12-08,5,2800,"W",2,NA,"berkheya_rhapontica",0.5,"n"
"161",2023-12-08,5,2800,"W",2,NA,"bulbostylis_oritrephes",0.5,"y"
"162",2023-12-08,5,2800,"W",2,NA,"cineraria_sp",0.5,"n"
"163",2023-12-08,5,2800,"W",2,NA,"ficinia_cinnamomea",2,"n"
"164",2023-12-08,5,2800,"W",2,NA,"helichrysum_pallidum",1,"n"
"165",2023-12-08,5,2800,"W",2,NA,"helichrysum_pilosellum",0.5,NA
"166",2023-12-08,5,2800,"W",2,NA,"holcus_lanatus",0.5,"n"
"167",2023-12-08,5,2800,"W",2,NA,"kniphofia_porphyrantha",0.5,"n"
"168",2023-12-08,5,2800,"W",2,NA,"oxalis_depressa",0.5,"n"
"169",2023-12-08,5,2800,"W",2,NA,"pentameris_exserta",40,"n"
"170",2023-12-08,5,2800,"W",2,NA,"rhodohypoxis_baurii",0.5,"y"
"171",2023-12-08,5,2800,"W",2,NA,"senecio_glaberrimus",1,"y"
"172",2023-12-08,5,2800,"W",2,NA,"sporobolus_centrifugus",0.5,"n"
"173",2023-12-08,5,2800,"W",2,NA,"stiburus_alopecuroides",1,"n"
"174",2023-12-08,5,2800,"W",2,NA,"tenaxia_disticha",2,"n"
"175",2023-12-08,5,2800,"W",2,NA,"themeda_triandra",5,NA
"176",2023-12-08,5,2800,"W",2,NA,"wahlenbergia_krebsii",0.5,"n"
"177",2023-12-08,5,2800,"W",4,NA,"berkheya_rhapontica",0.5,"n"
"178",2023-12-08,5,2800,"W",4,NA,"carex_zuluensis",0.5,"n"
"179",2023-12-08,5,2800,"W",4,NA,"festuca_costata",1,"n"
"180",2023-12-08,5,2800,"W",4,NA,"ficinia_cinnamomea",3,"y"
"181",2023-12-08,5,2800,"W",4,NA,"harpochloa_falx",0.5,"n"
"182",2023-12-08,5,2800,"W",4,NA,"helichrysum_dasycephalum",0.5,"n"
"183",2023-12-08,5,2800,"W",4,NA,"kniphofia_porphyrantha",0.5,"n"
"184",2023-12-08,5,2800,"W",4,NA,"oxalis_depressa",0.5,"n"
"185",2023-12-08,5,2800,"W",4,NA,"pentameris_exserta",10,"n"
"186",2023-12-08,5,2800,"W",4,NA,"c_f_satyrium_longicauda",0.5,"n"
"187",2023-12-08,5,2800,"W",4,NA,"senecio_glaberrimus",0.5,"n"
"188",2023-12-08,5,2800,"W",4,NA,"stiburus_alopecuroides",0.5,"n"
"189",2023-12-08,5,2800,"W",4,NA,"tenaxia_disticha",20,"y"
"190",2023-12-08,5,2800,"W",4,NA,"themeda_triandra",25,NA
"191",2023-12-08,5,2800,"W",4,NA,"trifolium_burchellianum",0.5,"n"
"192",2023-12-08,5,2800,"W",4,NA,"wahlenbergia_krebsii",0.5,"n"
"193",2023-12-08,5,2800,"W",1,NA,"argyrolobium_sp",0.5,"n"
"194",2023-12-08,5,2800,"W",1,NA,"berkheya_rhapontica",0.5,"n"
"195",2023-12-08,5,2800,"W",1,NA,"cerastium_arabidis",0.5,"n"
"196",2023-12-08,5,2800,"W",1,NA,"cotula_hispida",0.5,"n"
"197",2023-12-08,5,2800,"W",1,NA,"erica_woodii",0.5,"y"
"198",2023-12-08,5,2800,"W",1,NA,"ficinia_cinnamomea",1,"n"
"199",2023-12-08,5,2800,"W",1,NA,"harpochloa_falx",6,"n"
"200",2023-12-08,5,2800,"W",1,NA,"helichrysum_pilosellum",15,"y"
"201",2023-12-08,5,2800,"W",1,NA,"kniphofia_porphyrantha",0.5,"n"
"202",2023-12-08,5,2800,"W",1,NA,"moraea_stricta",0.5,"y"
"203",2023-12-08,5,2800,"W",1,NA,"oxalis_depressa",0.5,"n"
"204",2023-12-08,5,2800,"W",1,NA,"pentameris_exserta",50,"y"
"205",2023-12-08,5,2800,"W",1,NA,"senecio_erubescens",1,"y"
"206",2023-12-08,5,2800,"W",1,NA,"senecio_glaberrimus",3,"y"
"207",2023-12-08,5,2800,"W",1,NA,"tenaxia_disticha",8,"y"
"208",2023-12-08,5,2800,"W",1,NA,"themeda_triandra",2,"y"
"209",2023-12-08,5,2800,"W",3,NA,"argyrolobium_sp",0.5,"n"
"210",2023-12-08,5,2800,"W",3,NA,"berkheya_rhapontica",0.5,"n"
"211",2023-12-08,5,2800,"W",3,NA,"geranium_multisectum",0.5,"n"
"212",2023-12-08,5,2800,"W",3,NA,"helichrysum_aureum",0.5,"n"
"213",2023-12-08,5,2800,"W",3,NA,"helichrysum_pallidum",0.5,"n"
"214",2023-12-08,5,2800,"W",3,NA,"oxalis_depressa",0.5,"n"
"215",2023-12-08,5,2800,"W",3,NA,"pentameris_exserta",80,"y"
"216",2023-12-08,5,2800,"W",3,NA,"senecio_glaberrimus",0.5,"n"
"217",2023-12-08,5,2800,"W",3,NA,"themeda_triandra",30,"y"
"218",2023-12-08,5,2800,"W",3,NA,"trifolium_burchellianum",0.5,"n"
"219",2023-12-08,5,2800,"W",3,NA,"valeriana_capensis",1,"n"
"220",2023-12-08,5,2800,"W",5,NA,"berkheya_rhapontica",0.5,"n"
"221",2023-12-08,5,2800,"W",5,NA,"geranium_multisectum",0.5,"n"
"222",2023-12-08,5,2800,"W",5,NA,"helichrysum_dasycephalum",0.5,"n"
"223",2023-12-08,5,2800,"W",5,NA,"helichrysum_pallidum",0.5,"n"
"224",2023-12-08,5,2800,"W",5,NA,"kniphofia_porphyrantha",1,"n"
"225",2023-12-08,5,2800,"W",5,NA,"microchloa_caffra",3,NA
"226",2023-12-08,5,2800,"W",5,NA,"oxalis_depressa",0.5,"n"
"227",2023-12-08,5,2800,"W",5,NA,"pentameris_exserta",45,"y"
"228",2023-12-08,5,2800,"W",5,NA,"senecio_glaberrimus",0.5,"n"
"229",2023-12-08,5,2800,"W",5,NA,"stubble_daisy",0.5,"n"
"230",2023-12-08,5,2800,"W",5,NA,"tenaxia_disticha",40,"y"
"231",2023-12-08,5,2800,"W",5,NA,"themeda_triandra",5,"y"
"232",2023-12-08,5,2800,"E",3,NA,"anthoxanthum_ecklonii",0.5,"n"
"233",2023-12-08,5,2800,"E",3,NA,"berkheya_rhapontica",0.5,"n"
"234",2023-12-08,5,2800,"E",3,NA,"cotula_hispida",0.5,"n"
"235",2023-12-08,5,2800,"E",3,NA,"elionurus_muticus",20,"y"
"236",2023-12-08,5,2800,"E",3,NA,"erica_woodii",3,"n"
"237",2023-12-08,5,2800,"E",3,NA,"ficinia_cinnamomea",15,"y"
"238",2023-12-08,5,2800,"E",3,NA,"helichrysum_pallidum",0.5,"n"
"239",2023-12-08,5,2800,"E",3,NA,"merxmuellera_drakensbergensis",50,"n"
"240",2023-12-08,5,2800,"E",3,NA,"oxalis_depressa",0.5,"n"
"241",2023-12-08,5,2800,"E",3,NA,"senecio_erubescens",0.5,"n"
"242",2023-12-08,5,2800,"E",3,NA,"stiburus_alopecuroides",8,"n"
"243",2023-12-08,5,2800,"E",3,NA,"themeda_triandra",0.5,"y"
"244",2023-12-08,5,2800,"E",5,NA,"anthospermum_streyi",0.5,"n"
"245",2023-12-08,5,2800,"E",5,NA,"dimorphotheca_jucunda",8,"y"
"246",2023-12-08,5,2800,"E",5,NA,"elionurus_muticus",25,"n"
"247",2023-12-08,5,2800,"E",5,NA,"eulalia_villosa",1,"n"
"248",2023-12-08,5,2800,"E",5,NA,"festuca_costata",1,"n"
"249",2023-12-08,5,2800,"E",5,NA,"ficinia_cinnamomea",10,"y"
"250",2023-12-08,5,2800,"E",5,NA,"harpochloa_falx",4,"n"
"251",2023-12-08,5,2800,"E",5,NA,"helichrysum_dasycephalum",0.5,"y"
"252",2023-12-08,5,2800,"E",5,NA,"helichrysum_pilosellum",0.5,"n"
"253",2023-12-08,5,2800,"E",5,NA,"lotononis_lotononoides",0.5,"n"
"254",2023-12-08,5,2800,"E",5,NA,"merxmuellera_drakensbergensis",5,"n"
"255",2023-12-08,5,2800,"E",5,NA,"moraea_alticola",0.5,"y"
"256",2023-12-08,5,2800,"E",5,NA,"oxalis_depressa",0.5,"n"
"257",2023-12-08,5,2800,"E",5,NA,"senecio_glaberrimus",0.5,"n"
"258",2023-12-08,5,2800,"E",5,NA,"stiburus_alopecuroides",0.5,"y"
"259",2023-12-08,5,2800,"E",5,NA,"themeda_triandra",6,"y"
"260",2023-12-08,5,2800,"E",1,NA,"elionurus_muticus",30,"n"
"261",2023-12-08,5,2800,"E",1,NA,"eulalia_villosa",12,"n"
"262",2023-12-08,5,2800,"E",1,NA,"ficinia_cinnamomea",40,"y"
"263",2023-12-08,5,2800,"E",1,NA,"helichrysum_dasycephalum",0.5,"y"
"264",2023-12-08,5,2800,"E",1,NA,"indigofera_sp",0.5,"n"
"265",2023-12-08,5,2800,"E",1,NA,"merxmuellera_drakensbergensis",10,"n"
"266",2023-12-08,5,2800,"E",1,NA,"oxalis_depressa",0.5,"n"
"267",2023-12-08,5,2800,"E",1,NA,"themeda_triandra",1,NA
"268",2023-12-08,5,2800,"E",2,NA,"anthospermum_herbaceum",0.5,"n"
"269",2023-12-08,5,2800,"E",2,NA,"carex_zuluensis",3,"n"
"270",2023-12-08,5,2800,"E",2,NA,"cynoglossum_hispidum",0.5,"y"
"271",2023-12-08,5,2800,"E",2,NA,"elionurus_muticus",25,"n"
"272",2023-12-08,5,2800,"E",2,NA,"ehrharta_longigluma",1,"y"
"273",2023-12-08,5,2800,"E",2,NA,"eulalia_villosa",2,"n"
"274",2023-12-08,5,2800,"E",2,NA,"festuca_costata",1,"n"
"275",2023-12-08,5,2800,"E",2,NA,"ficinia_cinnamomea",20,"y"
"276",2023-12-08,5,2800,"E",2,NA,"helichrysum_dasycephalum",0.5,"y"
"277",2023-12-08,5,2800,"E",2,NA,"helichrysum_pallidum",3,"n"
"278",2023-12-08,5,2800,"E",2,NA,"oxalis_depressa",0.5,"n"
"279",2023-12-08,5,2800,"E",2,NA,"senecio_erubescens",2,"n"
"280",2023-12-08,5,2800,"E",2,NA,"themeda_triandra",20,"y"
"281",2023-12-08,5,2800,"E",4,NA,"argyrolobium_sp",0.5,"n"
"282",2023-12-08,5,2800,"E",4,NA,"albuca_humilis",0.5,"y"
"283",2023-12-08,5,2800,"E",4,NA,"anthospermum_hispidulum",5,"n"
"284",2023-12-08,5,2800,"E",4,NA,"anthoxanthum_ecklonii",0.5,"n"
"285",2023-12-08,5,2800,"E",4,NA,"bulbostylis_humilis",0.5,"n"
"286",2023-12-08,5,2800,"E",4,NA,"carex_zuluensis",0.5,"n"
"287",2023-12-08,5,2800,"E",4,NA,"cheilanthes_eckloniana",0.5,"n"
"288",2023-12-08,5,2800,"E",4,NA,"cotula_hispida",0.5,"n"
"289",2023-12-08,5,2800,"E",4,NA,"crassula_vaginata",0.5,"n"
"290",2023-12-08,5,2800,"E",4,NA,"elionurus_muticus",5,"n"
"291",2023-12-08,5,2800,"E",4,NA,"erica_woodii",0.5,"n"
"292",2023-12-08,5,2800,"E",4,NA,"festuca_costata",0.5,"n"
"293",2023-12-08,5,2800,"E",4,NA,"ficinia_cinnamomea",0.5,"n"
"294",2023-12-08,5,2800,"E",4,NA,"harpochloa_falx",25,"n"
"295",2023-12-08,5,2800,"E",4,NA,"helichrysum_aureum",0.5,"n"
"296",2023-12-08,5,2800,"E",4,NA,"helichrysum_dasycephalum",0.5,"y"
"297",2023-12-08,5,2800,"E",4,NA,"lotononis_lotononoides",5,"n"
"298",2023-12-08,5,2800,"E",4,NA,"c_f_moraea_inclinata",0.5,NA
"299",2023-12-08,5,2800,"E",4,NA,"oxalis_depressa",0.5,"n"
"300",2023-12-08,5,2800,"E",4,NA,"rhodohypoxis_baurii",0.5,"y"
"301",2023-12-08,5,2800,"E",4,NA,"senecio_glaberrimus",0.5,"n"
"302",2023-12-08,5,2800,"E",4,NA,"stiburus_alopecuroides",15,"n"
"303",2023-12-07,4,2600,"E",1,NA,"albuca_fastigiata",0.5,NA
"304",2023-12-07,4,2600,"E",1,NA,"alepidea_setifera",0.5,"n"
"305",2023-12-07,4,2600,"E",1,NA,"alepidea_thodei",0.5,"n"
"306",2023-12-07,4,2600,"E",1,NA,"athrixia_needle",0.5,"n"
"307",2023-12-07,4,2600,"E",1,NA,"berkheya_rhapontica",0.5,"n"
"308",2023-12-07,4,2600,"E",1,NA,"bupleurum_mundii",0.5,"y"
"309",2023-12-07,4,2600,"E",1,NA,"cineraria_sp",0.5,"n"
"310",2023-12-07,4,2600,"E",1,NA,"cotula_hispida",0.5,"n"
"311",2023-12-07,4,2600,"E",1,NA,"dimorphotheca_jucunda",0.5,"n"
"312",2023-12-07,4,2600,"E",1,NA,"ficinia_cinnamomea",1,"y"
"313",2023-12-07,4,2600,"E",1,NA,"harpochloa_falx",20,"y"
"314",2023-12-07,4,2600,"E",1,NA,"helichrysum_aureum",0.5,"n"
"315",2023-12-07,4,2600,"E",1,NA,"helichrysum_dasycephalum",3,"y"
"316",2023-12-07,4,2600,"E",1,NA,"merxmuellera_drakensbergensis",0.5,"n"
"317",2023-12-07,4,2600,"E",1,NA,"c_f_moraea_inclinata",0.5,NA
"318",2023-12-07,4,2600,"E",1,NA,"oxalis_depressa",0.5,"n"
"319",2023-12-07,4,2600,"E",1,NA,"psammotropha_obtusa",0.5,"y"
"320",2023-12-07,4,2600,"E",1,NA,"senecio_glaberrimus",0.5,"n"
"321",2023-12-07,4,2600,"E",1,NA,"tenaxia_disticha",10,"y"
"322",2023-12-07,4,2600,"E",1,NA,"themeda_triandra",0.5,"n"
"323",2023-12-07,4,2600,"E",1,NA,"thesium_sp2",0.5,"n"
"324",2023-12-07,4,2600,"E",2,NA,"alepidea_setifera",0.5,"n"
"325",2023-12-07,4,2600,"E",2,NA,"anthospermum_hispidulum",0.5,"n"
"326",2023-12-07,4,2600,"E",2,NA,"aristea_woodii",1,"y"
"327",2023-12-07,4,2600,"E",2,NA,"athrixia_needle",1,"y"
"328",2023-12-07,4,2600,"E",2,NA,"berkheya_rosulata",10,"y"
"329",2023-12-07,4,2600,"E",2,NA,"carex_zuluensis",0.5,"n"
"330",2023-12-07,4,2600,"E",2,NA,"cineraria_sp",0.5,"n"
"331",2023-12-07,4,2600,"E",2,NA,"cotula_hispida",0.5,"n"
"332",2023-12-07,4,2600,"E",2,NA,"eulalia_villosa",0.5,"n"
"333",2023-12-07,4,2600,"E",2,NA,"ficinia_cinnamomea",5,"y"
"334",2023-12-07,4,2600,"E",2,NA,"harpochloa_falx",3,"y"
"335",2023-12-07,4,2600,"E",2,NA,"helichrysum_aureum",0.5,"n"
"336",2023-12-07,4,2600,"E",2,NA,"helichrysum_krookii",0.5,"n"
"337",2023-12-07,4,2600,"E",2,NA,"helichrysum_cymosum",0.5,"n"
"338",2023-12-07,4,2600,"E",2,NA,"helichrysum_pilosellum",0.5,"n"
"339",2023-12-07,4,2600,"E",2,NA,"heteropogon_contortus",1,"y"
"340",2023-12-07,4,2600,"E",2,NA,"hypoxis_parvula",0.5,"n"
"341",2023-12-07,4,2600,"E",2,NA,"koeleria_capensis",2,"n"
"342",2023-12-07,4,2600,"E",2,NA,"lotononis_lotononoides",0.5,"n"
"343",2023-12-07,4,2600,"E",2,NA,"oxalis_depressa",0.5,"n"
"344",2023-12-07,4,2600,"E",2,NA,"senecio_glaberrimus",0.5,"n"
"345",2023-12-07,4,2600,"E",2,NA,"tenaxia_disticha",30,"n"
"346",2023-12-07,4,2600,"E",2,NA,"themeda_triandra",2,"y"
"347",2023-12-07,4,2600,"E",2,NA,"zaluzianskya_sp",0.5,"n"
"348",2023-12-07,4,2600,"E",3,NA,"aristea_woodii",0.5,"n"
"349",2023-12-07,4,2600,"E",3,NA,"aster_perfoliatus",0.5,"n"
"350",2023-12-07,4,2600,"E",3,NA,"athrixia_needle",0.5,"n"
"351",2023-12-07,4,2600,"E",3,NA,"berkheya_rhapontica",0.5,"n"
"352",2023-12-07,4,2600,"E",3,NA,"c_f_hesperantha_baurii",0.5,"n"
"353",2023-12-07,4,2600,"E",3,NA,"carex_zuluensis",1,"n"
"354",2023-12-07,4,2600,"E",3,NA,"cineraria_sp",0.5,"n"
"355",2023-12-07,4,2600,"E",3,NA,"cotula_hispida",0.5,"n"
"356",2023-12-07,4,2600,"E",3,NA,"elionurus_muticus",2,"n"
"357",2023-12-07,4,2600,"E",3,NA,"ficinia_cinnamomea",0.5,"n"
"358",2023-12-07,4,2600,"E",3,NA,"harpochloa_falx",5,"y"
"359",2023-12-07,4,2600,"E",3,NA,"helichrysum_dasycephalum",1,"y"
"360",2023-12-07,4,2600,"E",3,NA,"helichrysum_ecklonis",0.5,"n"
"361",2023-12-07,4,2600,"E",3,NA,"helichrysum_odoratissimum",0.5,"n"
"362",2023-12-07,4,2600,"E",3,NA,"helichrysum_pilosellum",2,"n"
"363",2023-12-07,4,2600,"E",3,NA,"hypoxis_parvula",0.5,"y"
"364",2023-12-07,4,2600,"E",3,NA,"lotononis_lotononoides",1,"n"
"365",2023-12-07,4,2600,"E",3,NA,"merxmuellera_drakensbergensis",0.5,"n"
"366",2023-12-07,4,2600,"E",3,NA,"oxalis_depressa",0.5,"n"
"367",2023-12-07,4,2600,"E",3,NA,"senecio_glaberrimus",1,"y"
"368",2023-12-07,4,2600,"E",3,NA,"tenaxia_disticha",10,"n"
"369",2023-12-07,4,2600,"E",3,NA,"themeda_triandra",3,"y"
"370",2023-12-07,4,2600,"E",4,NA,"agapanthus_campanulatus",0.5,"n"
"371",2023-12-07,4,2600,"E",4,NA,"albuca_fastigiata",0.5,"y"
"372",2023-12-07,4,2600,"E",4,NA,"alepidea_setifera",1,"y"
"373",2023-12-07,4,2600,"E",4,NA,"alepidea_thodei",0.5,"n"
"374",2023-12-07,4,2600,"E",4,NA,"anthoxanthum_ecklonii",0.5,"n"
"375",2023-12-07,4,2600,"E",4,NA,"aristea_woodii",0.5,"y"
"376",2023-12-07,4,2600,"E",4,NA,"athrixia_needle",15,"y"
"377",2023-12-07,4,2600,"E",4,NA,"berkheya_rhapontica",2,"n"
"378",2023-12-07,4,2600,"E",4,NA,"bulbostylis_humilis",0.5,"n"
"379",2023-12-07,4,2600,"E",4,NA,"bupleurum_mundii",0.5,"y"
"380",2023-12-07,4,2600,"E",4,NA,"carex_zuluensis",0.5,"n"
"381",2023-12-07,4,2600,"E",4,NA,"cotula_hispida",0.5,"n"
"382",2023-12-07,4,2600,"E",4,NA,"dimorphotheca_jucunda",3,"n"
"383",2023-12-07,4,2600,"E",4,NA,"erica_green_stem",0.5,"n"
"384",2023-12-07,4,2600,"E",4,NA,"erica_woodii",1,"y"
"385",2023-12-07,4,2600,"E",4,NA,"eucomis_autumnalis",1,"n"
"386",2023-12-07,4,2600,"E",4,NA,"eulalia_villosa",0.5,"n"
"387",2023-12-07,4,2600,"E",4,NA,"fabaceae_sp",0.5,"n"
"388",2023-12-07,4,2600,"E",4,NA,"ficinia_cinnamomea",25,"y"
"389",2023-12-07,4,2600,"E",4,NA,"harpochloa_falx",4,"y"
"390",2023-12-07,4,2600,"E",4,NA,"helichrysum_krookii",1,"n"
"391",2023-12-07,4,2600,"E",4,NA,"helichrysum_dasycephalum",1,"y"
"392",2023-12-07,4,2600,"E",4,NA,"helichrysum_pilosellum",0.5,"n"
"393",2023-12-07,4,2600,"E",4,NA,"heliophila_elongata",0.5,"n"
"394",2023-12-07,4,2600,"E",4,NA,"hypoxis_parvula",1,"y"
"395",2023-12-07,4,2600,"E",4,NA,"koeleria_capensis",1,"n"
"396",2023-12-07,4,2600,"E",4,NA,"lotononis_lotononoides",0.5,"n"
"397",2023-12-07,4,2600,"E",4,NA,"moraea_alticola",0.5,"n"
"398",2023-12-07,4,2600,"E",4,NA,"moraea_stricta",0.5,"n"
"399",2023-12-07,4,2600,"E",4,NA,"oxalis_depressa",0.5,"n"
"400",2023-12-07,4,2600,"E",4,NA,"polygala_rhinostigma",0.5,"y"
"401",2023-12-07,4,2600,"E",4,NA,"senecio_glaberrimus",0.5,"y"
"402",2023-12-07,4,2600,"E",4,NA,"stachys_cf_natalensis",0.5,"n"
"403",2023-12-07,4,2600,"E",4,NA,"themeda_triandra",1,"y"
"404",2023-12-07,4,2600,"E",4,NA,"trifolium_burchellianum",0.5,"n"
"405",2023-12-07,4,2600,"E",4,NA,"vernonia_natalensis",0.5,"n"
"406",2023-12-07,4,2600,"E",4,NA,"wahlenbergia_krebsii",0.5,"n"
"407",2023-12-07,4,2600,"E",5,NA,"alepidea_thodei",0.5,"n"
"408",2023-12-07,4,2600,"E",5,NA,"anthoxanthum_ecklonii",0.5,"n"
"409",2023-12-07,4,2600,"E",5,NA,"pimpinella_caffra",0.5,"n"
"410",2023-12-07,4,2600,"E",5,NA,"athrixia_needle",3,"y"
"411",2023-12-07,4,2600,"E",5,NA,"berkheya_rhapontica",0.5,"n"
"412",2023-12-07,4,2600,"E",5,NA,"bupleurum_mundii",0.5,"y"
"413",2023-12-07,4,2600,"E",5,NA,"c_f_hesperantha_baurii",0.5,"n"
"414",2023-12-07,4,2600,"E",5,NA,"carex_zuluensis",0.5,"n"
"415",2023-12-07,4,2600,"E",5,NA,"cotula_hispida",1,"n"
"416",2023-12-07,4,2600,"E",5,NA,"crassula_lanceolata",0.5,"n"
"417",2023-12-07,4,2600,"E",5,NA,"cymbopogon_caesius",2,"y"
"418",2023-12-07,4,2600,"E",5,NA,"cyperus_round",0.5,"y"
"419",2023-12-07,4,2600,"E",5,NA,"disa_stachyoides",0.5,"n"
"420",2023-12-07,4,2600,"E",5,NA,"elionurus_muticus",0.5,"n"
"421",2023-12-07,4,2600,"E",5,NA,"ficinia_cinnamomea",12,"y"
"422",2023-12-07,4,2600,"E",5,NA,"helichrysum_dasycephalum",3,"y"
"423",2023-12-07,4,2600,"E",5,NA,"helichrysum_odoratissimum",0.5,"n"
"424",2023-12-07,4,2600,"E",5,NA,"heliophila_rigidiuscula",0.5,"y"
"425",2023-12-07,4,2600,"E",5,NA,"hypoxis_parvula",0.5,"n"
"426",2023-12-07,4,2600,"E",5,NA,"jamesbrittenia_pristisepala",0.5,"n"
"427",2023-12-07,4,2600,"E",5,NA,"kniphofia_porphyrantha",0.5,"n"
"428",2023-12-07,4,2600,"E",5,NA,"lotononis_lotononoides",0.5,"n"
"429",2023-12-07,4,2600,"E",5,NA,"moraea_alticola",0.5,"n"
"430",2023-12-07,4,2600,"E",5,NA,"oxalis_depressa",0.5,"n"
"431",2023-12-07,4,2600,"E",5,NA,"pelargonium_zonale",0.5,"n"
"432",2023-12-07,4,2600,"E",5,NA,"polygala_rhinostigma",0.5,"n"
"433",2023-12-07,4,2600,"E",5,NA,"rubiaceae_shrubby_thing",0.5,"n"
"434",2023-12-07,4,2600,"E",5,NA,"senecio_glaberrimus",2,"y"
"435",2023-12-07,4,2600,"E",5,NA,"tenaxia_disticha",1,"y"
"436",2023-12-07,4,2600,"E",5,NA,"themeda_triandra",1,"y"
"437",2023-12-07,4,2600,"E",5,NA,"trifolium_burchellianum",0.5,"n"
"438",2023-12-04,4,2600,"W",1,NA,"alepidea_setifera",0.5,"n"
"439",2023-12-04,4,2600,"W",1,NA,"anthospermum_streyi",0.5,"n"
"440",2023-12-04,4,2600,"W",1,NA,"aristea_woodii",0.5,"y"
"441",2023-12-04,4,2600,"W",1,NA,"berkheya_rhapontica",1,"n"
"442",2023-12-04,4,2600,"W",1,NA,"cyperus_semitrifidus",0.5,"y"
"443",2023-12-04,4,2600,"W",1,NA,"erica_thodei",0.5,"n"
"444",2023-12-04,4,2600,"W",1,NA,"ficinia_cinnamomea",15,"y"
"445",2023-12-04,4,2600,"W",1,NA,"harpochloa_falx",15,"y"
"446",2023-12-04,4,2600,"W",1,NA,"helichrysum_chionosphaerum",1,NA
"447",2023-12-04,4,2600,"W",1,NA,"helichrysum_ecklonis",2,"y"
"448",2023-12-04,4,2600,"W",1,NA,"lotononis_lotononoides",0.5,"n"
"449",2023-12-04,4,2600,"W",1,NA,"merxmuellera_drakensbergensis",0.5,"n"
"450",2023-12-04,4,2600,"W",1,NA,"c_f_moraea_inclinata",0.5,NA
"451",2023-12-04,4,2600,"W",1,NA,"oxalis_depressa",0.5,"n"
"452",2023-12-04,4,2600,"W",1,NA,"pentameris_exserta",0.5,"n"
"453",2023-12-04,4,2600,"W",1,NA,"rendlia_altera",25,"n"
"454",2023-12-04,4,2600,"W",1,NA,"rhodohypoxis_baurii",0.5,"y"
"455",2023-12-04,4,2600,"W",1,NA,"senecio_glaberrimus",1,"y"
"456",2023-12-04,4,2600,"W",1,NA,"tenaxia_disticha",0.5,"n"
"457",2023-12-04,4,2600,"W",1,NA,"themeda_triandra",0.5,"n"
"458",2023-12-04,4,2600,"W",1,NA,"ursinia_montana",1,"n"
"459",2023-12-04,4,2600,"W",2,NA,"alepidea_setifera",0.5,"n"
"460",2023-12-04,4,2600,"W",2,NA,"anthospermum_streyi",0.5,"n"
"461",2023-12-04,4,2600,"W",2,NA,"aristea_woodii",0.5,"y"
"462",2023-12-04,4,2600,"W",2,NA,"athrixia_fontana",0.5,"n"
"463",2023-12-04,4,2600,"W",2,NA,"berkheya_rhapontica",0.5,"n"
"464",2023-12-04,4,2600,"W",2,NA,"ficinia_cinnamomea",20,"n"
"465",2023-12-04,4,2600,"W",2,NA,"harpochloa_falx",25,"n"
"466",2023-12-04,4,2600,"W",2,NA,"helichrysum_ecklonis",2,"y"
"467",2023-12-04,4,2600,"W",2,NA,"lotononis_lotononoides",0.5,"n"
"468",2023-12-04,4,2600,"W",2,NA,"merxmuellera_drakensbergensis",0.5,"n"
"469",2023-12-04,4,2600,"W",2,NA,"c_f_moraea_inclinata",0.5,NA
"470",2023-12-04,4,2600,"W",2,NA,"oxalis_depressa",0.5,"n"
"471",2023-12-04,4,2600,"W",2,NA,"rhodohypoxis_baurii",0.5,"y"
"472",2023-12-04,4,2600,"W",2,NA,"senecio_glaberrimus",2,"y"
"473",2023-12-04,4,2600,"W",2,NA,"tenaxia_disticha",20,"n"
"474",2023-12-04,4,2600,"W",2,NA,"themeda_triandra",0.5,NA
"475",2023-12-04,4,2600,"W",2,NA,"thesium_sp2",0.5,"y"
"476",2023-12-04,4,2600,"W",2,NA,"ursinia_montana",0.5,"n"
"477",2023-12-04,4,2600,"W",3,NA,"alepidea_setifera",0.5,"n"
"478",2023-12-04,4,2600,"W",3,NA,"anthospermum_streyi",0.5,"n"
"479",2023-12-04,4,2600,"W",3,NA,"berkheya_rhapontica",0.5,"n"
"480",2023-12-04,4,2600,"W",3,NA,"carex_zuluensis",0.5,"n"
"481",2023-12-04,4,2600,"W",3,NA,"eragrostis_capensis",0.5,"n"
"482",2023-12-04,4,2600,"W",3,NA,"ficinia_cinnamomea",0.5,"n"
"483",2023-12-04,4,2600,"W",3,NA,"harpochloa_falx",8,"n"
"484",2023-12-04,4,2600,"W",3,NA,"helichrysum_ecklonis",6,"y"
"485",2023-12-04,4,2600,"W",3,NA,"helichrysum_pilosellum",2,"n"
"486",2023-12-04,4,2600,"W",3,NA,"lotononis_lotononoides",0.5,"y"
"487",2023-12-04,4,2600,"W",3,NA,"moraea_stricta",0.5,"n"
"488",2023-12-04,4,2600,"W",3,NA,"oxalis_depressa",0.5,"n"
"489",2023-12-04,4,2600,"W",3,NA,"rendlia_altera",45,"n"
"490",2023-12-04,4,2600,"W",3,NA,"senecio_glaberrimus",0.5,"y"
"491",2023-12-04,4,2600,"W",3,NA,"themeda_triandra",0.5,"y"
"492",2023-12-04,4,2600,"W",3,NA,"ursinia_montana",1,"n"
"493",2023-12-04,4,2600,"W",4,NA,"alepidea_setifera",0.5,"n"
"494",2023-12-04,4,2600,"W",4,NA,"anthospermum_streyi",0.5,"n"
"495",2023-12-04,4,2600,"W",4,NA,"anthoxanthum_ecklonii",0.5,"n"
"496",2023-12-04,4,2600,"W",4,NA,"aristea_woodii",0.5,"n"
"497",2023-12-04,4,2600,"W",4,NA,"berkheya_rhapontica",0.5,"n"
"498",2023-12-04,4,2600,"W",4,NA,"erica_thodei",3,"n"
"499",2023-12-04,4,2600,"W",4,NA,"ficinia_cinnamomea",0.5,"n"
"500",2023-12-04,4,2600,"W",4,NA,"harpochloa_falx",40,"n"
"501",2023-12-04,4,2600,"W",4,NA,"helichrysum_chionosphaerum",0.5,NA
"502",2023-12-04,4,2600,"W",4,NA,"helichrysum_ecklonis",1,"y"
"503",2023-12-04,4,2600,"W",4,NA,"helichrysum_evansii",1,"n"
"504",2023-12-04,4,2600,"W",4,NA,"hirpicium_armeriodes",0.5,"n"
"505",2023-12-04,4,2600,"W",4,NA,"lotononis_lotononoides",0.5,"n"
"506",2023-12-04,4,2600,"W",4,NA,"moraea_stricta",0.5,"n"
"507",2023-12-04,4,2600,"W",4,NA,"rhodohypoxis_baurii",0.5,"n"
"508",2023-12-04,4,2600,"W",4,NA,"senecio_glaberrimus",0.5,"y"
"509",2023-12-04,4,2600,"W",4,NA,"tenaxia_disticha",35,"n"
"510",2023-12-04,4,2600,"W",4,NA,"thesium_sp2",0.5,"n"
"511",2023-12-04,4,2600,"W",5,NA,"alepidea_setifera",0.5,"n"
"512",2023-12-04,4,2600,"W",5,NA,"carex_zuluensis",0.5,"n"
"513",2023-12-04,4,2600,"W",5,NA,"ficinia_cinnamomea",0.5,"n"
"514",2023-12-04,4,2600,"W",5,NA,"harpochloa_falx",80,"y"
"515",2023-12-04,4,2600,"W",5,NA,"helichrysum_aureum",0.5,"y"
"516",2023-12-04,4,2600,"W",5,NA,"helichrysum_evansii",2,"n"
"517",2023-12-04,4,2600,"W",5,NA,"helichrysum_pilosellum",1,"y"
"518",2023-12-04,4,2600,"W",5,NA,"lotononis_lotononoides",1,"n"
"519",2023-12-04,4,2600,"W",5,NA,"c_f_moraea_inclinata",0.5,NA
"520",2023-12-04,4,2600,"W",5,NA,"moraea_stricta",0.5,"n"
"521",2023-12-04,4,2600,"W",5,NA,"muraltia_saxicola",0.5,"n"
"522",2023-12-04,4,2600,"W",5,NA,"oxalis_depressa",0.5,"n"
"523",2023-12-04,4,2600,"W",5,NA,"psammotropha_obtusa",0.5,"n"
"524",2023-12-04,4,2600,"W",5,NA,"rendlia_altera",5,"n"
"525",2023-12-04,4,2600,"W",5,NA,"senecio_glaberrimus",1,"y"
"526",2023-12-04,3,2400,"E",1,NA,"albuca_fastigiata",0.5,"n"
"527",2023-12-04,3,2400,"E",1,NA,"athrixia_needle",1,"y"
"528",2023-12-04,3,2400,"E",1,NA,"drimia_sphaerocephala",0.5,"n"
"529",2023-12-04,3,2400,"E",1,NA,"elionurus_muticus",1,"n"
"530",2023-12-04,3,2400,"E",1,NA,"eucomis_autumnalis",2,"n"
"531",2023-12-04,3,2400,"E",1,NA,"eucomis_cf_humilis",8,"n"
"532",2023-12-04,3,2400,"E",1,NA,"eulalia_villosa",2,"n"
"533",2023-12-04,3,2400,"E",1,NA,"ficinia_cinnamomea",50,"y"
"534",2023-12-04,3,2400,"E",1,NA,"helichrysum_dasycephalum",3,"y"
"535",2023-12-04,3,2400,"E",1,NA,"helichrysum_pallidum",0.5,"n"
"536",2023-12-04,3,2400,"E",1,NA,"lotononis_lotononoides",1,"n"
"537",2023-12-04,3,2400,"E",1,NA,"monsonia_attenuata",0.5,"y"
"538",2023-12-04,3,2400,"E",1,NA,"oxalis_depressa",0.5,"n"
"539",2023-12-04,3,2400,"E",1,NA,"senecio_erubescens",0.5,"n"
"540",2023-12-04,3,2400,"E",1,NA,"senecio_glaberrimus",0.5,"n"
"541",2023-12-04,3,2400,"E",1,NA,"themeda_triandra",25,"n"
"542",2023-12-04,3,2400,"E",1,NA,"tristachya_leucothrix",0.5,"n"
"543",2023-12-04,3,2400,"E",2,NA,"albuca_fastigiata",0.5,"n"
"544",2023-12-04,3,2400,"E",2,NA,"cynoglossum_hispidum",0.5,"y"
"545",2023-12-04,3,2400,"E",2,NA,"eucomis_cf_humilis",1,"y"
"546",2023-12-04,3,2400,"E",2,NA,"eucomis_purple_base",0.5,"n"
"547",2023-12-04,3,2400,"E",2,NA,"eulalia_villosa",0.5,"n"
"548",2023-12-04,3,2400,"E",2,NA,"ficinia_cinnamomea",30,"y"
"549",2023-12-04,3,2400,"E",2,NA,"helichrysum_dasycephalum",0.5,"y"
"550",2023-12-04,3,2400,"E",2,NA,"helichrysum_pallidum",0.5,"n"
"551",2023-12-04,3,2400,"E",2,NA,"hypoxis_parvula",0.5,"n"
"552",2023-12-04,3,2400,"E",2,NA,"lotononis_lotononoides",0.5,"n"
"553",2023-12-04,3,2400,"E",2,NA,"monsonia_attenuata",0.5,"n"
"554",2023-12-04,3,2400,"E",2,NA,"moraea_alticola",0.5,"n"
"555",2023-12-04,3,2400,"E",2,NA,"oxalis_depressa",0.5,"n"
"556",2023-12-04,3,2400,"E",2,NA,"oxalis_obliquifolia",0.5,"n"
"557",2023-12-04,3,2400,"E",2,NA,"schistostephium_crataegifolium",0.5,"n"
"558",2023-12-04,3,2400,"E",2,NA,"senecio_erubescens",0.5,"y"
"559",2023-12-04,3,2400,"E",2,NA,"senecio_glaberrimus",0.5,"n"
"560",2023-12-04,3,2400,"E",2,NA,"themeda_triandra",60,NA
"561",2023-12-04,3,2400,"E",2,NA,"trifolium_burchellianum",0.5,"n"
"562",2023-12-04,3,2400,"E",4,NA,"agapanthus_campanulatus",1,"n"
"563",2023-12-04,3,2400,"E",4,NA,"elionurus_muticus",1,"n"
"564",2023-12-04,3,2400,"E",4,NA,"eucomis_cf_humilis",0.5,"n"
"565",2023-12-04,3,2400,"E",4,NA,"eulalia_villosa",2,"y"
"566",2023-12-04,3,2400,"E",4,NA,"ficinia_cinnamomea",10,"y"
"567",2023-12-04,3,2400,"E",4,NA,"helichrysum_dasycephalum",0.5,"y"
"568",2023-12-04,3,2400,"E",4,NA,"helichrysum_pallidum",0.5,"n"
"569",2023-12-04,3,2400,"E",4,NA,"helichrysum_odoratissimum",0.5,"y"
"570",2023-12-04,3,2400,"E",4,NA,"hypoxis_parvula",0.5,"y"
"571",2023-12-04,3,2400,"E",4,NA,"ledebouria_cf_cooperi",0.5,"n"
"572",2023-12-04,3,2400,"E",4,NA,"lotononis_lotononoides",0.5,"n"
"573",2023-12-04,3,2400,"E",4,NA,"monsonia_attenuata",0.5,"n"
"574",2023-12-04,3,2400,"E",4,NA,"oxalis_depressa",0.5,"n"
"575",2023-12-04,3,2400,"E",4,NA,"senecio_glaberrimus",0.5,"n"
"576",2023-12-04,3,2400,"E",4,NA,"stiburus_alopecuroides",4,"n"
"577",2023-12-04,3,2400,"E",4,NA,"themeda_triandra",50,NA
"578",2023-12-04,3,2400,"E",3,NA,"agapanthus_campanulatus",1,"n"
"579",2023-12-04,3,2400,"E",3,NA,"albuca_fastigiata",0.5,"n"
"580",2023-12-04,3,2400,"E",3,NA,"drimia_sphaerocephala",0.5,"n"
"581",2023-12-04,3,2400,"E",3,NA,"eucomis_autumnalis",5,"n"
"582",2023-12-04,3,2400,"E",3,NA,"eucomis_cf_humilis",2,"n"
"583",2023-12-04,3,2400,"E",3,NA,"ficinia_cinnamomea",25,"y"
"584",2023-12-04,3,2400,"E",3,NA,"helichrysum_dasycephalum",3,"y"
"585",2023-12-04,3,2400,"E",3,NA,"helichrysum_pallidum",0.5,"n"
"586",2023-12-04,3,2400,"E",3,NA,"helichrysum_odoratissimum",5,"n"
"587",2023-12-04,3,2400,"E",3,NA,"helichrysum_pilosellum",1,"n"
"588",2023-12-04,3,2400,"E",3,NA,"kniphofia_porphyrantha",0.5,"n"
"589",2023-12-04,3,2400,"E",3,NA,"lotononis_lotononoides",0.5,"y"
"590",2023-12-04,3,2400,"E",3,NA,"monsonia_attenuata",0.5,"y"
"591",2023-12-04,3,2400,"E",3,NA,"oxalis_depressa",0.5,"n"
"592",2023-12-04,3,2400,"E",3,NA,"senecio_discodregeanus",0.5,"n"
"593",2023-12-04,3,2400,"E",3,NA,"senecio_erubescens",1,"n"
"594",2023-12-04,3,2400,"E",3,NA,"senecio_glaberrimus",0.5,"n"
"595",2023-12-04,3,2400,"E",3,NA,"tenaxia_disticha",25,"n"
"596",2023-12-04,3,2400,"E",3,NA,"themeda_triandra",25,NA
"597",2023-12-04,3,2400,"E",3,NA,"tristachya_leucothrix",2,"n"
"598",2023-12-04,3,2400,"E",3,NA,"wahlenbergia_krebsii",0.5,"n"
"599",2023-12-04,3,2400,"E",5,NA,"elionurus_muticus",5,"n"
"600",2023-12-04,3,2400,"E",5,NA,"eulalia_villosa",25,"n"
"601",2023-12-04,3,2400,"E",5,NA,"ficinia_cinnamomea",25,"y"
"602",2023-12-04,3,2400,"E",5,NA,"helichrysum_dasycephalum",0.5,"y"
"603",2023-12-04,3,2400,"E",5,NA,"helichrysum_pallidum",0.5,"n"
"604",2023-12-04,3,2400,"E",5,NA,"helichrysum_odoratissimum",0.5,"n"
"605",2023-12-04,3,2400,"E",5,NA,"lotononis_lotononoides",0.5,"y"
"606",2023-12-04,3,2400,"E",5,NA,"monsonia_attenuata",0.5,"n"
"607",2023-12-04,3,2400,"E",5,NA,"oxalis_depressa",0.5,"y"
"608",2023-12-04,3,2400,"E",5,NA,"pelargonium_zonale",0.5,"n"
"609",2023-12-04,3,2400,"E",5,NA,"senecio_tall",0.5,"n"
"610",2023-12-04,3,2400,"E",5,NA,"senecio_glaberrimus",0.5,"n"
"611",2023-12-04,3,2400,"E",5,NA,"themeda_triandra",10,"y"
"612",2023-12-04,3,2400,"E",5,NA,"tristachya_leucothrix",0.5,"n"
"613",2023-12-04,3,2400,"W",1,NA,"c_f_hesperantha_baurii",0.5,"n"
"614",2023-12-04,3,2400,"W",1,NA,"craterocapsa_tarsodes",1,"n"
"615",2023-12-04,3,2400,"W",1,NA,"eragrostis_capensis",0.5,"y"
"616",2023-12-04,3,2400,"W",1,NA,"eragrostis_racemosa",0.5,"y"
"617",2023-12-04,3,2400,"W",1,NA,"ficinia_cinnamomea",1,"y"
"618",2023-12-04,3,2400,"W",1,NA,"helichrysum_adenocarpum",0.5,"n"
"619",2023-12-04,3,2400,"W",1,NA,"helichrysum_ecklonis",5,"y"
"620",2023-12-04,3,2400,"W",1,NA,"koeleria_capensis",1,"y"
"621",2023-12-04,3,2400,"W",1,NA,"lotononis_lotononoides",0.5,"n"
"622",2023-12-04,3,2400,"W",1,NA,"c_f_moraea_inclinata",0.5,NA
"623",2023-12-04,3,2400,"W",1,NA,"oxalis_depressa",0.5,"n"
"624",2023-12-04,3,2400,"W",1,NA,"rhodohypoxis_baurii",2,"y"
"625",2023-12-04,3,2400,"W",1,NA,"c_f_satyrium_longicauda",0.5,"n"
"626",2023-12-04,3,2400,"W",1,NA,"senecio_tall",0.5,"n"
"627",2023-12-04,3,2400,"W",1,NA,"senecio_discodregeanus",0.5,"n"
"628",2023-12-04,3,2400,"W",1,NA,"senecio_glaberrimus",2,"n"
"629",2023-12-04,3,2400,"W",1,NA,"sporobolus_centrifugus",1,"y"
"630",2023-12-04,3,2400,"W",1,NA,"themeda_triandra",0.5,"y"
"631",2023-12-04,3,2400,"W",1,NA,"tristachya_leucothrix",8,"y"
"632",2023-12-04,3,2400,"W",2,NA,"crassula_vaginata",0.5,"n"
"633",2023-12-04,3,2400,"W",2,NA,"craterocapsa_tarsodes",1,"n"
"634",2023-12-04,3,2400,"W",2,NA,"eragrostis_capensis",0.5,"y"
"635",2023-12-04,3,2400,"W",2,NA,"eragrostis_racemosa",1,"y"
"636",2023-12-04,3,2400,"W",2,NA,"ficinia_cinnamomea",0.5,"y"
"637",2023-12-04,3,2400,"W",2,NA,"helichrysum_ecklonis",12,"y"
"638",2023-12-04,3,2400,"W",2,NA,"helichrysum_pilosellum",0.5,"y"
"639",2023-12-04,3,2400,"W",2,NA,"heteropogon_contortus",0.5,"n"
"640",2023-12-04,3,2400,"W",2,NA,"koeleria_capensis",2,"y"
"641",2023-12-04,3,2400,"W",2,NA,"monsonia_attenuata",0.5,"n"
"642",2023-12-04,3,2400,"W",2,NA,"c_f_moraea_inclinata",0.5,NA
"643",2023-12-04,3,2400,"W",2,NA,"oxalis_depressa",0.5,"n"
"644",2023-12-04,3,2400,"W",2,NA,"rhodohypoxis_baurii",1,"y"
"645",2023-12-04,3,2400,"W",2,NA,"c_f_satyrium_longicauda",0.5,"n"
"646",2023-12-04,3,2400,"W",2,NA,"senecio_discodregeanus",0.5,"y"
"647",2023-12-04,3,2400,"W",2,NA,"senecio_glaberrimus",1,"y"
"648",2023-12-04,3,2400,"W",2,NA,"sporobolus_centrifugus",0.5,"y"
"649",2023-12-04,3,2400,"W",2,NA,"tristachya_leucothrix",12,"y"
"650",2023-12-04,3,2400,"W",3,NA,"aster_perfoliatus",0.5,"n"
"651",2023-12-04,3,2400,"W",3,NA,"bulbostylis_humilis",0.5,"n"
"652",2023-12-04,3,2400,"W",3,NA,"craterocapsa_tarsodes",1,"n"
"653",2023-12-04,3,2400,"W",3,NA,"eragrostis_capensis",0.5,"y"
"654",2023-12-04,3,2400,"W",3,NA,"eragrostis_racemosa",0.5,"y"
"655",2023-12-04,3,2400,"W",3,NA,"ficinia_cinnamomea",3,"y"
"656",2023-12-04,3,2400,"W",3,NA,"cf_helichrysum_albo_brunneum",0.5,"n"
"657",2023-12-04,3,2400,"W",3,NA,"helichrysum_ecklonis",2,"y"
"658",2023-12-04,3,2400,"W",3,NA,"helichrysum_pilosellum",2,"y"
"659",2023-12-04,3,2400,"W",3,NA,"lotononis_lotononoides",1,"n"
"660",2023-12-04,3,2400,"W",3,NA,"monsonia_attenuata",0.5,"y"
"661",2023-12-04,3,2400,"W",3,NA,"moraea_alticola",0.5,"y"
"662",2023-12-04,3,2400,"W",3,NA,"c_f_moraea_inclinata",0.5,NA
"663",2023-12-04,3,2400,"W",3,NA,"oxalis_depressa",0.5,"n"
"664",2023-12-04,3,2400,"W",3,NA,"purple_base_senecio",1,"y"
"665",2023-12-04,3,2400,"W",3,NA,"rhodohypoxis_baurii",2,"y"
"666",2023-12-04,3,2400,"W",3,NA,"c_f_satyrium_longicauda",0.5,"y"
"667",2023-12-04,3,2400,"W",3,NA,"senecio_tall",2,"n"
"668",2023-12-04,3,2400,"W",3,NA,"senecio_discodregeanus",0.5,"y"
"669",2023-12-04,3,2400,"W",3,NA,"senecio_glaberrimus",0.5,"y"
"670",2023-12-04,3,2400,"W",3,NA,"sporobolus_centrifugus",0.5,"y"
"671",2023-12-04,3,2400,"W",3,NA,"stiburus_alopecuroides",0.5,"n"
"672",2023-12-04,3,2400,"W",3,NA,"tristachya_leucothrix",20,"y"
"673",2023-12-04,3,2400,"W",3,NA,"ursinia_montana",0.5,"n"
"674",2023-12-04,3,2400,"W",4,NA,"craterocapsa_tarsodes",0.5,"n"
"675",2023-12-04,3,2400,"W",4,NA,"eragrostis_capensis",0.5,"y"
"676",2023-12-04,3,2400,"W",4,NA,"eragrostis_racemosa",1,"y"
"677",2023-12-04,3,2400,"W",4,NA,"ficinia_cinnamomea",1,"y"
"678",2023-12-04,3,2400,"W",4,NA,"helichrysum_ecklonis",10,"y"
"679",2023-12-04,3,2400,"W",4,NA,"heteropogon_contortus",0.5,"n"
"680",2023-12-04,3,2400,"W",4,NA,"koeleria_capensis",1,"y"
"681",2023-12-04,3,2400,"W",4,NA,"lotononis_lotononoides",0.5,"n"
"682",2023-12-04,3,2400,"W",4,NA,"monsonia_attenuata",0.5,"n"
"683",2023-12-04,3,2400,"W",4,NA,"c_f_moraea_inclinata",0.5,NA
"684",2023-12-04,3,2400,"W",4,NA,"oxalis_depressa",0.5,"n"
"685",2023-12-04,3,2400,"W",4,NA,"rhodohypoxis_baurii",2,"y"
"686",2023-12-04,3,2400,"W",4,NA,"c_f_satyrium_longicauda",0.5,"n"
"687",2023-12-04,3,2400,"W",4,NA,"senecio_discodregeanus",0.5,"y"
"688",2023-12-04,3,2400,"W",4,NA,"senecio_glaberrimus",1,"y"
"689",2023-12-04,3,2400,"W",4,NA,"sporobolus_centrifugus",0.5,"y"
"690",2023-12-04,3,2400,"W",4,NA,"tristachya_leucothrix",10,"y"
"691",2023-12-04,3,2400,"W",5,NA,"anthospermum_streyi",0.5,"n"
"692",2023-12-04,3,2400,"W",5,NA,"aster_perfoliatus",2,"y"
"693",2023-12-04,3,2400,"W",5,NA,"craterocapsa_tarsodes",0.5,"n"
"694",2023-12-04,3,2400,"W",5,NA,"eragrostis_capensis",0.5,"y"
"695",2023-12-04,3,2400,"W",5,NA,"eragrostis_racemosa",0.5,"y"
"696",2023-12-04,3,2400,"W",5,NA,"ficinia_cinnamomea",5,"y"
"697",2023-12-04,3,2400,"W",5,NA,"helichrysum_ecklonis",6,"y"
"698",2023-12-04,3,2400,"W",5,NA,"helichrysum_pilosellum",1,"n"
"699",2023-12-04,3,2400,"W",5,NA,"helichrysum_spiralepis",0.5,"n"
"700",2023-12-04,3,2400,"W",5,NA,"koeleria_capensis",1,"y"
"701",2023-12-04,3,2400,"W",5,NA,"lotononis_lotononoides",0.5,"n"
"702",2023-12-04,3,2400,"W",5,NA,"monsonia_attenuata",0.5,"n"
"703",2023-12-04,3,2400,"W",5,NA,"oxalis_depressa",0.5,"n"
"704",2023-12-04,3,2400,"W",5,NA,"rhodohypoxis_baurii",1,"y"
"705",2023-12-04,3,2400,"W",5,NA,"senecio_discodregeanus",0.5,"y"
"706",2023-12-04,3,2400,"W",5,NA,"senecio_glaberrimus",1,"y"
"707",2023-12-04,3,2400,"W",5,NA,"sporobolus_centrifugus",0.5,"y"
"708",2023-12-04,3,2400,"W",5,NA,"tristachya_leucothrix",5,"y"
"709",2023-12-03,2,2200,"W",1,NA,"acalypha_punctata",8,"n"
"710",2023-12-03,2,2200,"W",1,NA,"anthospermum_herbaceum",2,"y"
"711",2023-12-03,2,2200,"W",1,NA,"berkheya_rhapontica",1,"n"
"712",2023-12-03,2,2200,"W",1,NA,"commelina_africana",0.5,"n"
"713",2023-12-03,2,2200,"W",1,NA,"craterocapsa_tarsodes",1,"n"
"714",2023-12-03,2,2200,"W",1,NA,"elionurus_muticus",1,NA
"715",2023-12-03,2,2200,"W",1,NA,"eragrostis_capensis",1,"y"
"716",2023-12-03,2,2200,"W",1,NA,"eragrostis_racemosa",0.5,"y"
"717",2023-12-03,2,2200,"W",1,NA,"eulalia_villosa",0.5,"y"
"718",2023-12-03,2,2200,"W",1,NA,"ficinia_cinnamomea",0.5,"y"
"719",2023-12-03,2,2200,"W",1,NA,"helichrysum_auronitens",0.5,"y"
"720",2023-12-03,2,2200,"W",1,NA,"helichrysum_pallidum",0.5,NA
"721",2023-12-03,2,2200,"W",1,NA,"helichrysum_nudifolium",1,"n"
"722",2023-12-03,2,2200,"W",1,NA,"heteropogon_contortus",10,"y"
"723",2023-12-03,2,2200,"W",1,NA,"hilliardiella_elaeagnoides",0.5,"y"
"724",2023-12-03,2,2200,"W",1,NA,"hypoxis_rigidula",0.5,"y"
"725",2023-12-03,2,2200,"W",1,NA,"koeleria_capensis",0.5,"y"
"726",2023-12-03,2,2200,"W",1,NA,"oxalis_depressa",0.5,"n"
"727",2023-12-03,2,2200,"W",1,NA,"pentameris_airoides",0.5,"y"
"728",2023-12-03,2,2200,"W",1,NA,"scilla_nervosa",0.5,"y"
"729",2023-12-03,2,2200,"W",1,NA,"senecio_glaberrimus",1,"y"
"730",2023-12-03,2,2200,"W",1,NA,"sporobolus_centrifugus",2,NA
"731",2023-12-03,2,2200,"W",1,NA,"themeda_triandra",15,"y"
"732",2023-12-03,2,2200,"W",1,NA,"tristachya_leucothrix",0.5,"y"
"733",2023-12-03,2,2200,"W",2,NA,"acalypha_punctata",3,"y"
"734",2023-12-03,2,2200,"W",2,NA,"berkheya_rhapontica",1,"n"
"735",2023-12-03,2,2200,"W",2,NA,"c_f_hesperantha_baurii",0.5,"n"
"736",2023-12-03,2,2200,"W",2,NA,"craterocapsa_tarsodes",1,"n"
"737",2023-12-03,2,2200,"W",2,NA,"cyperus_semitrifidus",0.5,NA
"738",2023-12-03,2,2200,"W",2,NA,"elionurus_muticus",1,"n"
"739",2023-12-03,2,2200,"W",2,NA,"eragrostis_racemosa",0.5,"y"
"740",2023-12-03,2,2200,"W",2,NA,"ficinia_cinnamomea",0.5,"y"
"741",2023-12-03,2,2200,"W",2,NA,"gnidia_caffra",0.5,"n"
"742",2023-12-03,2,2200,"W",2,NA,"harpochloa_falx",2,"y"
"743",2023-12-03,2,2200,"W",2,NA,"helichrysum_auronitens",0.5,"y"
"744",2023-12-03,2,2200,"W",2,NA,"helichrysum_pallidum",0.5,"n"
"745",2023-12-03,2,2200,"W",2,NA,"helichrysum_nudifolium",1,"n"
"746",2023-12-03,2,2200,"W",2,NA,"heteropogon_contortus",20,"n"
"747",2023-12-03,2,2200,"W",2,NA,"koeleria_capensis",1,"y"
"748",2023-12-03,2,2200,"W",2,NA,"oxalis_depressa",0.5,"n"
"749",2023-12-03,2,2200,"W",2,NA,"pentameris_airoides",0.5,"y"
"750",2023-12-03,2,2200,"W",2,NA,"senecio_glaberrimus",2,"y"
"751",2023-12-03,2,2200,"W",2,NA,"sporobolus_centrifugus",1,"y"
"752",2023-12-03,2,2200,"W",2,NA,"themeda_triandra",2,"y"
"753",2023-12-03,2,2200,"W",2,NA,"aspidonepsis_reenensis",0.5,"y"
"754",2023-12-03,2,2200,"W",2,NA,"tristachya_leucothrix",1,"y"
"755",2023-12-03,2,2200,"W",3,NA,"acalypha_punctata",3,"n"
"756",2023-12-03,2,2200,"W",3,NA,"anthospermum_herbaceum",0.5,"n"
"757",2023-12-03,2,2200,"W",3,NA,"c_f_hesperantha_baurii",0.5,"n"
"758",2023-12-03,2,2200,"W",3,NA,"cyperus_semitrifidus",0.5,NA
"759",2023-12-03,2,2200,"W",3,NA,"eragrostis_capensis",0.5,"y"
"760",2023-12-03,2,2200,"W",3,NA,"eragrostis_racemosa",0.5,"y"
"761",2023-12-03,2,2200,"W",3,NA,"ficinia_cinnamomea",2,"y"
"762",2023-12-03,2,2200,"W",3,NA,"harpochloa_falx",0.5,"y"
"763",2023-12-03,2,2200,"W",3,NA,"helichrysum_auronitens",2,"y"
"764",2023-12-03,2,2200,"W",3,NA,"helichrysum_pilosellum",2,"n"
"765",2023-12-03,2,2200,"W",3,NA,"helichrysum_nudifolium",0.5,"n"
"766",2023-12-03,2,2200,"W",3,NA,"hermannia_woodii",0.5,"y"
"767",2023-12-03,2,2200,"W",3,NA,"heteropogon_contortus",22,"n"
"768",2023-12-03,2,2200,"W",3,NA,"hypoxis_rigidula",0.5,"n"
"769",2023-12-03,2,2200,"W",3,NA,"koeleria_capensis",1,"y"
"770",2023-12-03,2,2200,"W",3,NA,"scilla_nervosa",0.5,NA
"771",2023-12-03,2,2200,"W",3,NA,"senecio_glaberrimus",1,"y"
"772",2023-12-03,2,2200,"W",3,NA,"sopubia_cana",0.5,"n"
"773",2023-12-03,2,2200,"W",3,NA,"aspidonepsis_reenensis",0.5,"y"
"774",2023-12-03,2,2200,"W",3,NA,"tristachya_leucothrix",5,"y"
"775",2023-12-03,2,2200,"W",4,NA,"acalypha_punctata",3,"n"
"776",2023-12-03,2,2200,"W",4,NA,"anthospermum_herbaceum",1,"n"
"777",2023-12-03,2,2200,"W",4,NA,"aristea_woodii",0.5,"y"
"778",2023-12-03,2,2200,"W",4,NA,"berkheya_rhapontica",2,"n"
"779",2023-12-03,2,2200,"W",4,NA,"brunsvigia_radulosa",1,"n"
"780",2023-12-03,2,2200,"W",4,NA,"c_f_hesperantha_baurii",0.5,"n"
"781",2023-12-03,2,2200,"W",4,NA,"carex_zuluensis",0.5,"y"
"782",2023-12-03,2,2200,"W",4,NA,"cyperus_semitrifidus",0.5,NA
"783",2023-12-03,2,2200,"W",4,NA,"disa_stachyoides",0.5,"n"
"784",2023-12-03,2,2200,"W",4,NA,"eragrostis_capensis",0.5,"y"
"785",2023-12-03,2,2200,"W",4,NA,"eragrostis_racemosa",0.5,"y"
"786",2023-12-03,2,2200,"W",4,NA,"ficinia_cinnamomea",5,"n"
"787",2023-12-03,2,2200,"W",4,NA,"gnidia_caffra",0.5,"n"
"788",2023-12-03,2,2200,"W",4,NA,"helichrysum_adenocarpum",1,"n"
"789",2023-12-03,2,2200,"W",4,NA,"helichrysum_auronitens",5,"y"
"790",2023-12-03,2,2200,"W",4,NA,"helichrysum_ecklonis",0.5,"n"
"791",2023-12-03,2,2200,"W",4,NA,"helichrysum_pilosellum",0.5,"n"
"792",2023-12-03,2,2200,"W",4,NA,"helichrysum_nudifolium",0.5,"n"
"793",2023-12-03,2,2200,"W",4,NA,"heteropogon_contortus",50,"y"
"794",2023-12-03,2,2200,"W",4,NA,"hypoxis_rigidula",0.5,"y"
"795",2023-12-03,2,2200,"W",4,NA,"oxalis_depressa",1,"n"
"796",2023-12-03,2,2200,"W",4,NA,"pentameris_airoides",0.5,"y"
"797",2023-12-03,2,2200,"W",4,NA,"scilla_nervosa",0.5,NA
"798",2023-12-03,2,2200,"W",4,NA,"senecio_glaberrimus",1,"y"
"799",2023-12-03,2,2200,"W",4,NA,"sporobolus_centrifugus",1,"y"
"800",2023-12-03,2,2200,"W",4,NA,"taraxacum_officinale",0.5,"n"
"801",2023-12-03,2,2200,"W",4,NA,"thesium_sp1",0.5,"n"
"802",2023-12-03,2,2200,"W",4,NA,"aspidonepsis_reenensis",0.5,"n"
"803",2023-12-03,2,2200,"W",4,NA,"tristachya_leucothrix",15,"y"
"804",2023-12-03,2,2200,"W",5,NA,"acalypha_punctata",1,"n"
"805",2023-12-03,2,2200,"W",5,NA,"anthospermum_herbaceum",2,"n"
"806",2023-12-03,2,2200,"W",5,NA,"aristea_woodii",0.5,"n"
"807",2023-12-03,2,2200,"W",5,NA,"berkheya_rhapontica",0.5,"n"
"808",2023-12-03,2,2200,"W",5,NA,"craterocapsa_tarsodes",0.5,"n"
"809",2023-12-03,2,2200,"W",5,NA,"disa_stachyoides",0.5,"n"
"810",2023-12-03,2,2200,"W",5,NA,"eragrostis_capensis",0.5,"y"
"811",2023-12-03,2,2200,"W",5,NA,"eragrostis_racemosa",2,"y"
"812",2023-12-03,2,2200,"W",5,NA,"ficinia_cinnamomea",2,"y"
"813",2023-12-03,2,2200,"W",5,NA,"gnidia_caffra",0.5,"n"
"814",2023-12-03,2,2200,"W",5,NA,"helichrysum_adenocarpum",0.5,"n"
"815",2023-12-03,2,2200,"W",5,NA,"helichrysum_auronitens",1,"y"
"816",2023-12-03,2,2200,"W",5,NA,"helichrysum_nudifolium",1,"y"
"817",2023-12-03,2,2200,"W",5,NA,"heteropogon_contortus",5,"y"
"818",2023-12-03,2,2200,"W",5,NA,"hypoxis_rigidula",1,"y"
"819",2023-12-03,2,2200,"W",5,NA,"pentameris_airoides",1,"y"
"820",2023-12-03,2,2200,"W",5,NA,"scilla_nervosa",0.5,NA
"821",2023-12-03,2,2200,"W",5,NA,"senecio_glaberrimus",0.5,"n"
"822",2023-12-03,2,2200,"W",5,NA,"tristachya_leucothrix",2,"n"
"823",2023-12-04,2,2200,"E",1,NA,"acalypha_punctata",4,NA
"824",2023-12-04,2,2200,"E",1,NA,"ajuga_ophrydis",0.5,NA
"825",2023-12-04,2,2200,"E",1,NA,"anthospermum_herbaceum",1,NA
"826",2023-12-04,2,2200,"E",1,NA,"berkheya_rhapontica",1,NA
"827",2023-12-04,2,2200,"E",1,NA,"c_f_hesperantha_baurii",0.5,NA
"828",2023-12-04,2,2200,"E",1,NA,"carex_zuluensis",0.5,NA
"829",2023-12-04,2,2200,"E",1,NA,"commelina_africana",0.5,NA
"830",2023-12-04,2,2200,"E",1,NA,"cyperus_semitrifidus",0.5,NA
"831",2023-12-04,2,2200,"E",1,NA,"elionurus_muticus",1,NA
"832",2023-12-04,2,2200,"E",1,NA,"eragrostis_capensis",5,NA
"833",2023-12-04,2,2200,"E",1,NA,"ficinia_cinnamomea",1,NA
"834",2023-12-04,2,2200,"E",1,NA,"haplocarpha_scaposa",2,NA
"835",2023-12-04,2,2200,"E",1,NA,"helichrysum_aureum",0.5,NA
"836",2023-12-04,2,2200,"E",1,NA,"helichrysum_glomeratum",1,NA
"837",2023-12-04,2,2200,"E",1,NA,"helichrysum_pallidum",0.5,NA
"838",2023-12-04,2,2200,"E",1,NA,"helichrysum_nudifolium",1,NA
"839",2023-12-04,2,2200,"E",1,NA,"hermannia_woodii",0.5,NA
"840",2023-12-04,2,2200,"E",1,NA,"hypoxis_costata",2,NA
"841",2023-12-04,2,2200,"E",1,NA,"hypoxis_rigidula",0.5,NA
"842",2023-12-04,2,2200,"E",1,NA,"koeleria_capensis",1,NA
"843",2023-12-04,2,2200,"E",1,NA,"oxalis_depressa",0.5,NA
"844",2023-12-04,2,2200,"E",1,NA,"rhodohypoxis_baurii",0.5,NA
"845",2023-12-04,2,2200,"E",1,NA,"sporobolus_centrifugus",1,NA
"846",2023-12-04,2,2200,"E",1,NA,"taraxacum_officinale",0.5,NA
"847",2023-12-04,2,2200,"E",1,NA,"themeda_triandra",12,NA
"848",2023-12-04,2,2200,"E",1,NA,"wahlenbergia_krebsii",0.5,NA
"849",2023-12-04,2,2200,"E",2,NA,"acalypha_punctata",5,NA
"850",2023-12-04,2,2200,"E",2,NA,"ajuga_ophrydis",2,NA
"851",2023-12-04,2,2200,"E",2,NA,"anthospermum_herbaceum",0.5,NA
"852",2023-12-04,2,2200,"E",2,NA,"cyperus_round",0.5,NA
"853",2023-12-04,2,2200,"E",2,NA,"eragrostis_capensis",10,NA
"854",2023-12-04,2,2200,"E",2,NA,"eragrostis_racemosa",1,NA
"855",2023-12-04,2,2200,"E",2,NA,"ficinia_cinnamomea",1,NA
"856",2023-12-04,2,2200,"E",2,NA,"helichrysum_glomeratum",0.5,NA
"857",2023-12-04,2,2200,"E",2,NA,"helichrysum_pallidum",0.5,NA
"858",2023-12-04,2,2200,"E",2,NA,"helichrysum_nudifolium",0.5,NA
"859",2023-12-04,2,2200,"E",2,NA,"hermannia_woodii",0.5,NA
"860",2023-12-04,2,2200,"E",2,NA,"hypoxis_costata",1,NA
"861",2023-12-04,2,2200,"E",2,NA,"hypoxis_rigidula",0.5,NA
"862",2023-12-04,2,2200,"E",2,NA,"aspidonepsis_reenensis",0.5,NA
"863",2023-12-04,2,2200,"E",2,NA,"tristachya_leucothrix",1,NA
"864",2023-12-04,2,2200,"E",3,NA,"anthospermum_herbaceum",0.5,NA
"865",2023-12-04,2,2200,"E",3,NA,"aristea_woodii",0.5,NA
"866",2023-12-04,2,2200,"E",3,NA,"berkheya_rhapontica",0.5,NA
"867",2023-12-04,2,2200,"E",3,NA,"commelina_africana",0.5,NA
"868",2023-12-04,2,2200,"E",3,NA,"craterocapsa_tarsodes",0.5,NA
"869",2023-12-04,2,2200,"E",3,NA,"cyperus_semitrifidus",0.5,NA
"870",2023-12-04,2,2200,"E",3,NA,"diheteropogon_filifolius",1,NA
"871",2023-12-04,2,2200,"E",3,NA,"ficinia_cinnamomea",0.5,NA
"872",2023-12-04,2,2200,"E",3,NA,"gerbera_piloselloides",0.5,NA
"873",2023-12-04,2,2200,"E",3,NA,"haplocarpha_scaposa",0.5,NA
"874",2023-12-04,2,2200,"E",3,NA,"helichrysum_adenocarpum",0.5,NA
"875",2023-12-04,2,2200,"E",3,NA,"helichrysum_auronitens",0.5,NA
"876",2023-12-04,2,2200,"E",3,NA,"helichrysum_ecklonis",0.5,NA
"877",2023-12-04,2,2200,"E",3,NA,"helichrysum_nudifolium",0.5,NA
"878",2023-12-04,2,2200,"E",3,NA,"hermannia_woodii",0.5,NA
"879",2023-12-04,2,2200,"E",3,NA,"heteropogon_contortus",20,NA
"880",2023-12-04,2,2200,"E",3,NA,"hypoxis_costata",3,NA
"881",2023-12-04,2,2200,"E",3,NA,"hypoxis_rigidula",0.5,NA
"882",2023-12-04,2,2200,"E",3,NA,"koeleria_capensis",0.5,NA
"883",2023-12-04,2,2200,"E",3,NA,"oxalis_depressa",0.5,NA
"884",2023-12-04,2,2200,"E",3,NA,"senecio_glaberrimus",0.5,NA
"885",2023-12-04,2,2200,"E",3,NA,"sporobolus_centrifugus",1,NA
"886",2023-12-04,2,2200,"E",3,NA,"themeda_triandra",2,NA
"887",2023-12-04,2,2200,"E",3,NA,"tristachya_leucothrix",1,NA
"888",2023-12-04,2,2200,"E",4,NA,"anthospermum_herbaceum",0.5,NA
"889",2023-12-04,2,2200,"E",4,NA,"aristea_woodii",0.5,NA
"890",2023-12-04,2,2200,"E",4,NA,"commelina_africana",0.5,NA
"891",2023-12-04,2,2200,"E",4,NA,"cyperus_semitrifidus",0.5,NA
"892",2023-12-04,2,2200,"E",4,NA,"diheteropogon_filifolius",1,NA
"893",2023-12-04,2,2200,"E",4,NA,"eragrostis_capensis",1,NA
"894",2023-12-04,2,2200,"E",4,NA,"eragrostis_racemosa",0.5,NA
"895",2023-12-04,2,2200,"E",4,NA,"ficinia_cinnamomea",2,NA
"896",2023-12-04,2,2200,"E",4,NA,"helichrysum_glomeratum",0.5,NA
"897",2023-12-04,2,2200,"E",4,NA,"helichrysum_pallidum",0.5,NA
"898",2023-12-04,2,2200,"E",4,NA,"helichrysum_pilosellum",0.5,NA
"899",2023-12-04,2,2200,"E",4,NA,"helichrysum_nudifolium",0.5,NA
"900",2023-12-04,2,2200,"E",4,NA,"heteropogon_contortus",2,NA
"901",2023-12-04,2,2200,"E",4,NA,"hypoxis_costata",0.5,NA
"902",2023-12-04,2,2200,"E",4,NA,"koeleria_capensis",0.5,NA
"903",2023-12-04,2,2200,"E",4,NA,"oxalis_depressa",0.5,NA
"904",2023-12-04,2,2200,"E",4,NA,"rhodohypoxis_baurii",0.5,NA
"905",2023-12-04,2,2200,"E",4,NA,"senecio_glaberrimus",0.5,NA
"906",2023-12-04,2,2200,"E",4,NA,"sporobolus_centrifugus",1,NA
"907",2023-12-04,2,2200,"E",4,NA,"themeda_triandra",15,NA
"908",2023-12-04,2,2200,"E",4,NA,"thesium_sp1",0.5,NA
"909",2023-12-04,2,2200,"E",4,NA,"tristachya_leucothrix",1,NA
"910",2023-12-04,2,2200,"E",5,NA,"acalypha_punctata",4,NA
"911",2023-12-04,2,2200,"E",5,NA,"anthospermum_herbaceum",0.5,NA
"912",2023-12-04,2,2200,"E",5,NA,"aristea_woodii",0.5,NA
"913",2023-12-04,2,2200,"E",5,NA,"berkheya_rhapontica",0.5,NA
"914",2023-12-04,2,2200,"E",5,NA,"big_leaf_orchid",0.5,NA
"915",2023-12-04,2,2200,"E",5,NA,"cyperus_semitrifidus",0.5,NA
"916",2023-12-04,2,2200,"E",5,NA,"diheteropogon_filifolius",2,NA
"917",2023-12-04,2,2200,"E",5,NA,"disa_stachyoides",0.5,NA
"918",2023-12-04,2,2200,"E",5,NA,"elionurus_muticus",0.5,NA
"919",2023-12-04,2,2200,"E",5,NA,"eragrostis_capensis",0.5,NA
"920",2023-12-04,2,2200,"E",5,NA,"ficinia_cinnamomea",0.5,NA
"921",2023-12-04,2,2200,"E",5,NA,"haplocarpha_scaposa",0.5,NA
"922",2023-12-04,2,2200,"E",5,NA,"helichrysum_pilosellum",1,NA
"923",2023-12-04,2,2200,"E",5,NA,"hermannia_woodii",0.5,NA
"924",2023-12-04,2,2200,"E",5,NA,"heteropogon_contortus",9,NA
"925",2023-12-04,2,2200,"E",5,NA,"koeleria_capensis",0.5,NA
"926",2023-12-04,2,2200,"E",5,NA,"oxalis_depressa",0.5,NA
"927",2023-12-04,2,2200,"E",5,NA,"senecio_glaberrimus",0.5,NA
"928",2023-12-04,2,2200,"E",5,NA,"sporobolus_centrifugus",2,NA
"929",2023-12-04,2,2200,"E",5,NA,"themeda_triandra",8,NA
"930",2023-12-04,2,2200,"E",5,NA,"aspidonepsis_reenensis",0.5,NA
"931",2023-12-04,2,2200,"E",5,NA,"tristachya_leucothrix",1,NA
"932",2023-12-04,1,2000,"E",1,NA,"craterocapsa_tarsodes",1,"n"
"933",2023-12-04,1,2000,"E",1,NA,"cyperus_semitrifidus",0.5,"y"
"934",2023-12-04,1,2000,"E",1,NA,"cyperus_sphaerocephalus",0.5,"y"
"935",2023-12-04,1,2000,"E",1,NA,"diheteropogon_filifolius",8,"y"
"936",2023-12-04,1,2000,"E",1,NA,"eragrostis_capensis",5,"y"
"937",2023-12-04,1,2000,"E",1,NA,"eragrostis_racemosa",5,"y"
"938",2023-12-04,1,2000,"E",1,NA,"euphorbia_stricta",0.5,"y"
"939",2023-12-04,1,2000,"E",1,NA,"helichrysum_nudifolium",1,"y"
"940",2023-12-04,1,2000,"E",1,NA,"heteropogon_contortus",1,"y"
"941",2023-12-04,1,2000,"E",1,NA,"hypoxis_filiformis",0.5,"y"
"942",2023-12-04,1,2000,"E",1,NA,"rendlia_altera",10,"y"
"943",2023-12-04,1,2000,"E",1,NA,"themeda_triandra",8,NA
"944",2023-12-04,1,2000,"E",1,NA,"tristachya_leucothrix",12,"n"
"945",2023-12-04,1,2000,"E",2,NA,"acalypha_schinzii",0.5,"n"
"946",2023-12-04,1,2000,"E",2,NA,"bulbostylis_oritrephes",0.5,"y"
"947",2023-12-04,1,2000,"E",2,NA,"craterocapsa_tarsodes",0.5,NA
"948",2023-12-04,1,2000,"E",2,NA,"cyperus_semitrifidus",0.5,NA
"949",2023-12-04,1,2000,"E",2,NA,"cyperus_sphaerocephalus",0.5,"y"
"950",2023-12-04,1,2000,"E",2,NA,"diheteropogon_filifolius",3,"y"
"951",2023-12-04,1,2000,"E",2,NA,"eragrostis_capensis",11,"n"
"952",2023-12-04,1,2000,"E",2,NA,"eragrostis_racemosa",2,"y"
"953",2023-12-04,1,2000,"E",2,NA,"helichrysum_auronitens",2,"y"
"954",2023-12-04,1,2000,"E",2,NA,"helichrysum_nudifolium",1,"y"
"955",2023-12-04,1,2000,"E",2,NA,"lasiosiphon_kraussianus",0.5,"n"
"956",2023-12-04,1,2000,"E",2,NA,"rendlia_altera",15,NA
"957",2023-12-04,1,2000,"E",2,NA,"themeda_triandra",5,NA
"958",2023-12-04,1,2000,"E",2,NA,"tristachya_leucothrix",1,"y"
"959",2023-12-04,1,2000,"E",3,NA,"aristea_woodii",0.5,"n"
"960",2023-12-04,1,2000,"E",3,NA,"bulbostylis_oritrephes",0.5,"y"
"961",2023-12-04,1,2000,"E",3,NA,"cyperus_semitrifidus",4,"y"
"962",2023-12-04,1,2000,"E",3,NA,"cyperus_sphaerocephalus",3,"y"
"963",2023-12-04,1,2000,"E",3,NA,"diheteropogon_filifolius",1,"n"
"964",2023-12-04,1,2000,"E",3,NA,"eragrostis_capensis",8,"n"
"965",2023-12-04,1,2000,"E",3,NA,"eragrostis_racemosa",4,"y"
"966",2023-12-04,1,2000,"E",3,NA,"ficinia_cinnamomea",0.5,"y"
"967",2023-12-04,1,2000,"E",3,NA,"helichrysum_auronitens",1,"y"
"968",2023-12-04,1,2000,"E",3,NA,"helichrysum_nudifolium",1,"y"
"969",2023-12-04,1,2000,"E",3,NA,"heteropogon_contortus",4,"y"
"970",2023-12-04,1,2000,"E",3,NA,"hypoxis_filiformis",0.5,"y"
"971",2023-12-04,1,2000,"E",3,NA,"microchloa_caffra",0.5,"y"
"972",2023-12-04,1,2000,"E",3,NA,"rendlia_altera",15,"y"
"973",2023-12-04,1,2000,"E",3,NA,"themeda_triandra",5,"y"
"974",2023-12-04,1,2000,"E",3,NA,"tristachya_leucothrix",20,"y"
"975",2023-12-04,1,2000,"E",4,NA,"acalypha_schinzii",0.5,"n"
"976",2023-12-04,1,2000,"E",4,NA,"aristea_woodii",0.5,"y"
"977",2023-12-04,1,2000,"E",4,NA,"bulbostylis_oritrephes",0.5,"y"
"978",2023-12-04,1,2000,"E",4,NA,"cyperus_semitrifidus",0.5,NA
"979",2023-12-04,1,2000,"E",4,NA,"cyperus_sphaerocephalus",0.5,"y"
"980",2023-12-04,1,2000,"E",4,NA,"eragrostis_capensis",3,"y"
"981",2023-12-04,1,2000,"E",4,NA,"eragrostis_racemosa",1,"y"
"982",2023-12-04,1,2000,"E",4,NA,"ficinia_cinnamomea",0.5,"y"
"983",2023-12-04,1,2000,"E",4,NA,"helichrysum_auronitens",0.5,"n"
"984",2023-12-04,1,2000,"E",4,NA,"helichrysum_nudifolium",1,"y"
"985",2023-12-04,1,2000,"E",4,NA,"heteropogon_contortus",0.5,"y"
"986",2023-12-04,1,2000,"E",4,NA,"hypoxis_filiformis",0.5,"y"
"987",2023-12-04,1,2000,"E",4,NA,"kohautia_amatymbica",0.5,"n"
"988",2023-12-04,1,2000,"E",4,NA,"rendlia_altera",10,NA
"989",2023-12-04,1,2000,"E",4,NA,"scilla_nervosa",0.5,"n"
"990",2023-12-04,1,2000,"E",4,NA,"themeda_triandra",15,"n"
"991",2023-12-04,1,2000,"E",4,NA,"tristachya_leucothrix",1,"y"
"992",2023-12-04,1,2000,"E",5,NA,"bulbostylis_oritrephes",0.5,"y"
"993",2023-12-04,1,2000,"E",5,NA,"craterocapsa_tarsodes",0.5,NA
"994",2023-12-04,1,2000,"E",5,NA,"cyperus_semitrifidus",0.5,NA
"995",2023-12-04,1,2000,"E",5,NA,"cyperus_sphaerocephalus",2,"y"
"996",2023-12-04,1,2000,"E",5,NA,"diheteropogon_filifolius",3,"n"
"997",2023-12-04,1,2000,"E",5,NA,"eragrostis_capensis",10,"n"
"998",2023-12-04,1,2000,"E",5,NA,"eragrostis_racemosa",3,"y"
"999",2023-12-04,1,2000,"E",5,NA,"euphorbia_stricta",0.5,"n"
"1000",2023-12-04,1,2000,"E",5,NA,"helichrysum_pilosellum",0.5,"y"
"1001",2023-12-04,1,2000,"E",5,NA,"helichrysum_nudifolium",1,"y"
"1002",2023-12-04,1,2000,"E",5,NA,"heteropogon_contortus",5,"y"
"1003",2023-12-04,1,2000,"E",5,NA,"hypoxis_filiformis",0.5,"y"
"1004",2023-12-04,1,2000,"E",5,NA,"rendlia_altera",5,NA
"1005",2023-12-04,1,2000,"E",5,NA,"themeda_triandra",2,"n"
"1006",2023-12-04,1,2000,"E",5,NA,"tristachya_leucothrix",1,"n"
"1007",2023-12-04,1,2000,"W",1,NA,"acalypha_schinzii",0.5,"y"
"1008",2023-12-04,1,2000,"W",1,NA,"anthospermum_hispidulum",0.5,"n"
"1009",2023-12-04,1,2000,"W",1,NA,"bulbostylis_oritrephes",0.5,"y"
"1010",2023-12-04,1,2000,"W",1,NA,"cyperus_semitrifidus",0.5,"y"
"1011",2023-12-04,1,2000,"W",1,NA,"diheteropogon_filifolius",1,"n"
"1012",2023-12-04,1,2000,"W",1,NA,"eragrostis_capensis",2,"y"
"1013",2023-12-04,1,2000,"W",1,NA,"eragrostis_racemosa",1,"y"
"1014",2023-12-04,1,2000,"W",1,NA,"ficinia_cinnamomea",0.5,"y"
"1015",2023-12-04,1,2000,"W",1,NA,"gerbera_piloselloides",0.5,"n"
"1016",2023-12-04,1,2000,"W",1,NA,"helichrysum_glomeratum",0.5,"y"
"1017",2023-12-04,1,2000,"W",1,NA,"helichrysum_oreophilum",0.5,"y"
"1018",2023-12-04,1,2000,"W",1,NA,"helichrysum_pilosellum",1,"n"
"1019",2023-12-04,1,2000,"W",1,NA,"hypoxis_filiformis",0.5,"y"
"1020",2023-12-04,1,2000,"W",1,NA,"hypoxis_rigidula",0.5,NA
"1021",2023-12-04,1,2000,"W",1,NA,"microchloa_caffra",0.5,"y"
"1022",2023-12-04,1,2000,"W",1,NA,"rendlia_altera",2,"y"
"1023",2023-12-04,1,2000,"W",1,NA,"sebaea_natalensis",0.5,"n"
"1024",2023-12-04,1,2000,"W",1,NA,"senecio_glaberrimus",1,"y"
"1025",2023-12-04,1,2000,"W",1,NA,"themeda_triandra",10,"n"
"1026",2023-12-04,1,2000,"W",1,NA,"tristachya_leucothrix",1,"y"
"1027",2023-12-04,1,2000,"W",2,NA,"anthospermum_hispidulum",0.5,"n"
"1028",2023-12-04,1,2000,"W",2,NA,"anthospermum_streyi",0.5,NA
"1029",2023-12-04,1,2000,"W",2,NA,"bulbostylis_oritrephes",8,"y"
"1030",2023-12-04,1,2000,"W",2,NA,"craterocapsa_tarsodes",1,"n"
"1031",2023-12-04,1,2000,"W",2,NA,"cyperus_semitrifidus",0.5,"y"
"1032",2023-12-04,1,2000,"W",2,NA,"eragrostis_capensis",10,NA
"1033",2023-12-04,1,2000,"W",2,NA,"eragrostis_racemosa",5,"y"
"1034",2023-12-04,1,2000,"W",2,NA,"ficinia_cinnamomea",0.5,NA
"1035",2023-12-04,1,2000,"W",2,NA,"helichrysum_chionosphaerum",0.5,"y"
"1036",2023-12-04,1,2000,"W",2,NA,"helichrysum_glomeratum",0.5,NA
"1037",2023-12-04,1,2000,"W",2,NA,"helichrysum_oreophilum",0.5,"y"
"1038",2023-12-04,1,2000,"W",2,NA,"heteropogon_contortus",5,"y"
"1039",2023-12-04,1,2000,"W",2,NA,"hypoxis_rigidula",0.5,NA
"1040",2023-12-04,1,2000,"W",2,NA,"microchloa_caffra",0.5,"y"
"1041",2023-12-04,1,2000,"W",2,NA,"rendlia_altera",5,"y"
"1042",2023-12-04,1,2000,"W",2,NA,"themeda_triandra",20,"n"
"1043",2023-12-04,1,2000,"W",2,NA,"thesium_sp1",0.5,"y"
"1044",2023-12-04,1,2000,"W",2,NA,"tristachya_leucothrix",20,"y"
"1045",2023-12-04,1,2000,"W",3,NA,"anthospermum_hispidulum",0.5,"n"
"1046",2023-12-04,1,2000,"W",3,NA,"aristea_woodii",0.5,"n"
"1047",2023-12-04,1,2000,"W",3,NA,"bulbostylis_oritrephes",0.5,"y"
"1048",2023-12-04,1,2000,"W",3,NA,"carex_zuluensis",0.5,"n"
"1049",2023-12-04,1,2000,"W",3,NA,"cyperus_semitrifidus",0.5,"y"
"1050",2023-12-04,1,2000,"W",3,NA,"diheteropogon_filifolius",1,"n"
"1051",2023-12-04,1,2000,"W",3,NA,"eragrostis_racemosa",1,"y"
"1052",2023-12-04,1,2000,"W",3,NA,"eulalia_villosa",0.5,"y"
"1053",2023-12-04,1,2000,"W",3,NA,"euphorbia_stricta",0.5,"n"
"1054",2023-12-04,1,2000,"W",3,NA,"helichrysum_chionosphaerum",0.5,"n"
"1055",2023-12-04,1,2000,"W",3,NA,"helichrysum_pilosellum",0.5,"n"
"1056",2023-12-04,1,2000,"W",3,NA,"helichrysum_nudifolium",0.5,"n"
"1057",2023-12-04,1,2000,"W",3,NA,"hermannia_woodii",0.5,"n"
"1058",2023-12-04,1,2000,"W",3,NA,"hypoxis_filiformis",0.5,"y"
"1059",2023-12-04,1,2000,"W",3,NA,"kohautia_amatymbica",0.5,"n"
"1060",2023-12-04,1,2000,"W",3,NA,"microchloa_caffra",1,"y"
"1061",2023-12-04,1,2000,"W",3,NA,"rendlia_altera",4,"y"
"1062",2023-12-04,1,2000,"W",3,NA,"senecio_glaberrimus",0.5,"n"
"1063",2023-12-04,1,2000,"W",3,NA,"spiky_daisy",0.5,"n"
"1064",2023-12-04,1,2000,"W",3,NA,"themeda_triandra",5,"n"
"1065",2023-12-04,1,2000,"W",3,NA,"tristachya_leucothrix",0.5,"y"
"1066",2023-12-04,1,2000,"W",4,NA,"anthospermum_hispidulum",0.5,"n"
"1067",2023-12-04,1,2000,"W",4,NA,"bulbostylis_oritrephes",3,"y"
"1068",2023-12-04,1,2000,"W",4,NA,"cyperus_semitrifidus",0.5,NA
"1069",2023-12-04,1,2000,"W",4,NA,"eragrostis_capensis",1,NA
"1070",2023-12-04,1,2000,"W",4,NA,"eragrostis_racemosa",5,"y"
"1071",2023-12-04,1,2000,"W",4,NA,"eulalia_villosa",0.5,"n"
"1072",2023-12-04,1,2000,"W",4,NA,"ficinia_cinnamomea",0.5,NA
"1073",2023-12-04,1,2000,"W",4,NA,"helichrysum_glomeratum",0.5,NA
"1074",2023-12-04,1,2000,"W",4,NA,"helichrysum_herbaceum",0.5,"y"
"1075",2023-12-04,1,2000,"W",4,NA,"helichrysum_pilosellum",0.5,"n"
"1076",2023-12-04,1,2000,"W",4,NA,"heteropogon_contortus",2,"y"
"1077",2023-12-04,1,2000,"W",4,NA,"hypoxis_filiformis",0.5,"y"
"1078",2023-12-04,1,2000,"W",4,NA,"hypoxis_rigidula",0.5,NA
"1079",2023-12-04,1,2000,"W",4,NA,"kohautia_amatymbica",0.5,"n"
"1080",2023-12-04,1,2000,"W",4,NA,"microchloa_caffra",1,"y"
"1081",2023-12-04,1,2000,"W",4,NA,"rendlia_altera",3,"y"
"1082",2023-12-04,1,2000,"W",4,NA,"spiky_daisy",0.5,"y"
"1083",2023-12-04,1,2000,"W",4,NA,"themeda_triandra",15,"y"
"1084",2023-12-04,1,2000,"W",4,NA,"tristachya_leucothrix",3,"y"
"1085",2023-12-04,1,2000,"W",5,NA,"anthospermum_hispidulum",0.5,"y"
"1086",2023-12-04,1,2000,"W",5,NA,"bulbostylis_oritrephes",5,"y"
"1087",2023-12-04,1,2000,"W",5,NA,"craterocapsa_tarsodes",0.5,"n"
"1088",2023-12-04,1,2000,"W",5,NA,"cyperus_semitrifidus",0.5,NA
"1089",2023-12-04,1,2000,"W",5,NA,"eragrostis_capensis",0.5,NA
"1090",2023-12-04,1,2000,"W",5,NA,"eragrostis_racemosa",10,"y"
"1091",2023-12-04,1,2000,"W",5,NA,"eulalia_villosa",1,"n"
"1092",2023-12-04,1,2000,"W",5,NA,"helichrysum_glomeratum",1,NA
"1093",2023-12-04,1,2000,"W",5,NA,"helichrysum_oreophilum",5,"y"
"1094",2023-12-04,1,2000,"W",5,NA,"helichrysum_nudifolium",0.5,NA
"1095",2023-12-04,1,2000,"W",5,NA,"heteropogon_contortus",1,"y"
"1096",2023-12-04,1,2000,"W",5,NA,"hypoxis_filiformis",0.5,"y"
"1097",2023-12-04,1,2000,"W",5,NA,"kohautia_amatymbica",0.5,"n"
"1098",2023-12-04,1,2000,"W",5,NA,"less_blunt_leaved_gnidia",0.5,NA
"1099",2023-12-04,1,2000,"W",5,NA,"microchloa_caffra",1,"y"
"1100",2023-12-04,1,2000,"W",5,NA,"moraea_stricta",0.5,NA
"1101",2023-12-04,1,2000,"W",5,NA,"rendlia_altera",20,"y"
"1102",2023-12-04,1,2000,"W",5,NA,"themeda_triandra",8,"y"
"1103",2023-12-04,1,2000,"W",5,NA,"tristachya_leucothrix",5,"y"
"1104",2023-12-06,2,2200,"E",4,NA,"acalypha_punctata",0.5,"n"
"1105",2023-12-06,2,2200,"E",4,NA,"cyperus_round",0.5,"y"
"1106",2023-12-06,2,2200,"E",4,NA,"wahlenbergia_krebsii",0.5,"n"
"1107",2023-12-06,2,2200,"E",4,NA,"leobordea_eriantha",0.5,"n"
"1108",2023-12-06,2,2200,"W",1,NA,"c_f_hesperantha_baurii",0.5,"n"
"1109",2023-12-06,2,2200,"W",1,NA,"cyperus_semitrifidus",0.5,"n"
"1110",2023-12-06,2,2200,"W",1,NA,"carex_zuluensis",0.5,"n"
"1111",2023-12-06,2,2200,"W",2,NA,"hypoxis_rigidula",0.5,"n"
"1112",2023-12-06,2,2200,"W",2,NA,"felicia_muricata",0.5,"n"
"1113",2023-12-06,2,2200,"W",2,NA,"satyrium_longicauda",0.5,"y"
"1114",2023-12-06,2,2200,"W",2,NA,"helichrysum_pilosellum",0.5,"n"
"1115",2023-12-06,2,2200,"W",3,NA,"gnidia_caffra",0.5,"n"
"1116",2023-12-06,2,2200,"W",3,NA,"oxalis_depressa",0.5,"n"
"1117",2023-12-06,2,2200,"W",3,NA,"felicia_muricata",0.5,"n"
"1118",2023-12-06,2,2200,"W",3,NA,"rhodohypoxis_baurii",0.5,"y"
"1119",2023-12-06,2,2200,"W",3,NA,"pentameris_airoides",0.5,"y"
"1120",2023-12-06,2,2200,"E",1,NA,"tristachya_leucothrix",0.5,"y"
"1121",2023-12-06,2,2200,"E",1,NA,"heteropogon_contortus",0.5,"n"
"1122",2023-12-06,2,2200,"E",1,NA,"senecio_glaberrimus",1,"y"
"1123",2023-12-06,2,2200,"E",2,NA,"aristea_woodii",0.5,"y"
"1124",2023-12-06,2,2200,"E",2,NA,"haplocarpha_scaposa",0.5,"n"
"1125",2023-12-06,2,2200,"E",2,NA,"commelina_africana",0.5,"n"
"1126",2023-12-06,2,2200,"E",2,NA,"senecio_glaberrimus",0.5,"n"
"1127",2023-12-06,2,2200,"E",2,NA,"berkheya_rhapontica",0.5,"n"
"1128",2023-12-06,2,2200,"E",2,NA,"c_f_hesperantha_baurii",0.5,"n"
"1129",2023-12-06,2,2200,"E",2,NA,"themeda_triandra",5,"y"
"1130",2023-12-06,2,2200,"E",2,NA,"sporobolus_centrifugus",0.5,"n"
"1131",2023-12-06,2,2200,"E",2,NA,"heteropogon_contortus",5,"y"
"1132",2023-12-06,2,2200,"E",2,NA,"koeleria_capensis",0.5,"y"
"1133",2023-12-06,2,2200,"E",4,NA,"haplocarpha_scaposa",1,"n"
"1134",2023-12-06,2,2200,"E",4,NA,"round_cyperus",0.5,"y"
"1135",2023-12-06,2,2200,"E",5,NA,"commelina_africana",0.5,"n"
"1136",2023-12-06,2,2200,"E",5,NA,"eragrostis_racemosa",0.5,"y"
"1137",2023-12-06,2,2200,"E",5,NA,"round_cyperus",0.5,"y"
"1138",2023-12-06,2,2200,"E",3,NA,"bulbostylis_oritrephes",0.5,"y"
"1139",2023-12-06,2,2200,"E",3,NA,"acalypha_punctata",0.5,"n"
"1140",2023-12-06,2,2200,"W",4,NA,"crassula_vaginata",0.5,"n"
"1141",2023-12-06,2,2200,"W",4,NA,"koeleria_capensis",0.5,"n"
"1142",2023-12-08,4,2600,"W",1,NA,"anthoxanthum_ecklonii",0.5,"n"
"1143",2023-12-08,4,2600,"W",1,NA,"helichrysum_pilosellum",2,"n"
"1144",2023-12-08,4,2600,"W",1,NA,"helichrysum_aureum",0.5,"y"
"1145",2023-12-08,4,2600,"W",1,NA,"cotula_hispida",0.5,"n"
"1146",2023-12-08,4,2600,"W",2,NA,"moraea_stricta",0.5,"n"
"1147",2023-12-08,4,2600,"W",3,NA,"moraea_inclinata",0.5,"n"
"1148",2023-12-08,4,2600,"W",3,NA,"cineraria_sp",0.5,"n"
"1149",2023-12-08,4,2600,"W",4,NA,"carex_zuluensis",0.5,"n"
"1150",2023-12-08,4,2600,"W",4,NA,"muraltia_saxicola",0.5,"n"
"1151",2023-12-08,4,2600,"W",4,NA,"moraea_inclinata",0.5,"n"
"1152",2023-12-08,4,2600,"W",4,NA,"oxalis_depressa",0.5,"n"
"1153",2023-12-08,4,2600,"W",5,NA,"tenaxia_disticha",3,"n"
"1154",2023-12-08,4,2600,"W",5,NA,"thesium_sp2",0.5,"n"
"1155",2023-12-08,4,2600,"E",1,NA,"lotononis_lotononoides",1,"n"
"1156",2023-12-08,4,2600,"E",2,NA,"helichrysum_dasycephalum",0.5,"n"
"1157",2023-12-08,4,2600,"E",2,NA,"bupleurum_mundii",0.5,"n"
"1158",2023-12-08,4,2600,"E",2,NA,"c_f_hesperantha_baurii",0.5,"n"
"1159",2023-12-08,4,2600,"E",3,NA,"helichrysum_aureum",0.5,"n"
"1160",2023-12-08,4,2600,"E",4,NA,"c_f_hesperantha_baurii",0.5,"n"
"1161",2023-12-08,4,2600,"E",4,NA,"helichrysum_odoratissimum",0.5,"n"
"1162",2023-12-08,4,2600,"E",4,NA,"cymbopogon_caesius",0.5,"y"
"1163",2023-12-08,4,2600,"E",5,NA,"alepidea_setifera",0.5,"n"
"1164",2023-12-08,4,2600,"E",5,NA,"moraea_inclinata",0.5,"n"
"1165",2023-12-08,4,2600,"E",5,NA,"zaluzianskya_sp",0.5,"n"
"1166",2023-12-08,4,2600,"E",5,NA,"aristea_woodii",0.5,"n"
"1167",2023-12-08,4,2600,"E",5,NA,"eulalia_villosa",0.5,"n"
"1168",2023-12-09,3,2400,"E",1,NA,"wahlenbergia_krebsii",0.5,"n"
"1169",2023-12-09,3,2400,"E",1,NA,"helichrysum_pilosellum",0.5,"n"
"1170",2023-12-09,3,2400,"E",2,NA,"agapanthus_campanulatus",0.5,"n"
"1171",2023-12-09,3,2400,"E",2,NA,"kniphofia_porphyrantha",0.5,"n"
"1172",2023-12-09,3,2400,"E",2,NA,"drimia_sphaerocephala",0.5,"n"
"1173",2023-12-09,3,2400,"E",2,NA,"tristachya_leucothrix",2,"n"
"1174",2023-12-09,3,2400,"E",2,NA,"anthoxanthum_ecklonii",1,"n"
"1175",2023-12-09,3,2400,"E",4,NA,"wahlenbergia_krebsii",0.5,"n"
"1176",2023-12-09,3,2400,"E",4,NA,"athrixia_needle",0.5,"n"
"1177",2023-12-09,3,2400,"E",5,NA,"wahlenbergia_krebsii",0.5,"n"
"1178",2023-12-09,3,2400,"E",5,NA,"cerastium_arabidis",0.5,"n"
"1179",2023-12-09,3,2400,"W",1,NA,"berkheya_rhapontica",0.5,"n"
"1180",2023-12-09,3,2400,"W",1,NA,"sebaea_natalensis",0.5,"n"
"1181",2023-12-09,3,2400,"W",2,NA,"sebaea_natalensis",0.5,"n"
"1182",2023-12-09,3,2400,"W",2,NA,"stiburus_alopecuroides",0.5,"n"
"1183",2023-12-09,3,2400,"W",2,NA,"berkheya_rhapontica",0.5,"n"
"1184",2023-12-09,3,2400,"W",2,NA,"cyperus_round",0.5,"n"
"1185",2023-12-09,3,2400,"W",2,NA,"kniphofia_porphyrantha",0.5,"n"
"1186",2023-12-09,3,2400,"W",3,NA,"koeleria_capensis",0.5,"n"
"1187",2023-12-09,3,2400,"W",4,NA,"helichrysum_pilosellum",0.5,"n"
"1188",2023-12-09,3,2400,"W",5,NA,"thesium_sp2",0.5,"n"
